crawling_trg,pubDate,title,body,originallink,link,description
기획재정부 한국수출입은행 인공지능,"Thu, 22 Sep 2022 05:03:00 +0900",이달에만 -41억 달러… 올해 무역적자 사상 최대 가능성,"무역수지 6개월 연속 적자 우려 ADB “한국경제 내년에 더 침체”내년 성장률 2.3%로 하향 조정수출로 먹고사는 우리나라가 전례 없는 극심한 무역적자난에 빠졌다. 올해 적자가 사상 최대 규모가 될 것이란 전망도 나왔다. 정부는 100억원대 예산을 긴급 투입해 수출 물류비를 지원하겠다고 발표했다.관세청은 21일 이달 1~20일 수출액(통관 기준 잠정치)이 329억 5800만 달러(약 46조 93억원)로 지난해 같은 기간보다 8.7% 줄었다고 밝혔다. 같은 기간 수입액은 370억 6300만 달러로 1년 전보다 6.1% 증가했다. 무역수지는 41억 500만 달러 적자를 기록했다. 지난해 같은 기간 11억 6700만 달러 흑자에서 적자로 돌아섰다. 이로써 올해 무역수지는 지난 4월부터 9월까지 6개월 연속 적자를 기록할 가능성이 커졌다. 이는 1997년 5월 이후 25년 만에 처음이다. 올해 1월 1일부터 9월 20일까지 누계 무역수지 적자 규모는 292억 1300만 달러까지 불어났다.전국경제인연합회는 이날 15개 증권사 리서치센터장을 대상으로 올해 무역수지 전망을 조사한 결과 281억 7000만 달러 적자로 전망됐다고 밝혔다. 이는 국제통화기금(IMF) 외환위기 직전인 1996년 206억 달러 적자를 웃도는 규모로, 1956년 통계 집계 이래 66년 만의 최대치다.수출이 부진한 원인으로는 글로벌 경기 침체가 첫 번째로 꼽힌다. 글로벌 수요 둔화에 따라 반도체 재고 과잉 상태가 빚어졌고 최대 교역국인 중국으로의 수출도 부진하다. 이달 1~20일 대중 수출은 전년 대비 14% 감소했다. 지난 6월부터 8월까지 3개월째 감소했고, 9월까지 4개월 연속 감소가 유력하다.추경호 부총리 겸 기획재정부 장관은 수출 부진이 심각해지자 이날 ‘수출입 동향 점검회의’를 열고 “현장의 애로가 큰 물류비 부담을 줄여 주고자 예비비를 활용해 120억원을 추가 지원할 것”이라고 밝혔다. 물류비를 국고로 직접 지원하고 수출 바우처 등을 제공하겠다는 것이다. 정부는 앞서 올해 무역금융 공급 규모를 351조원까지 늘리겠다고 밝힌 바 있다. 이는 연초 계획 대비 90조원 늘어난 수준이다. 추 부총리는 또 “주력 산업의 경쟁력을 높이고 유망 신산업의 수출 동력화를 위해 조선업과 2차 전지, 인공지능(AI) 로봇, 미래 모빌리티 등 경쟁력 강화 방안을 순차적으로 마련할 것”이라고 예고했다.한편 아시아개발은행(ADB)은 한국의 경제 상황이 올해보다 내년에 더 침체할 것으로 전망했다. ADB는 이날 발표한 ‘2022년 아시아 경제 수정 전망’에서 한국의 올해 경제성장률 전망치는 2.6%를 유지하면서 내년 성장률은 0.3% 포인트 낮춘 2.3%로 하향조정했다. 물가성장률 전망치는 올해 4.5%를 유지했고 내년에는 3.0%로 떨어질 것으로 내다봤다.",https://www.seoul.co.kr/news/newsView.php?id=20220922002006&wlog_tag3=naver,https://n.news.naver.com/mnews/article/081/0003303323?sid=101,"전지, <b>인공지능</b>(AI) 로봇, 미래 모빌리티 등 경쟁력 강화 방안을 순차적으로 마련할 것”이라고 예고했다. 한편 아시아개발<b>은행</b>(ADB)은 <b>한국</b>의 경제 상황이 올해보다 내년에 더 침체할 것으로 전망했다. ADB는 이날... "
기획재정부 한국조폐공사 인공지능,"Tue, 31 Aug 2021 18:27:00 +0900","[공기업뉴스] <b>조폐공사</b>, 조달청과 ‘전자조달시스템 통합’ 업무협약 外","한국조폐공사는 31일 대전 ID본부에서 조달청과 전자조달시스템 통합 및 공공조달 투명성 향상과 효율성 제고를 위한 업무협약을 체결했다(오른쪽부터 반장식 조폐공사 사장, 김정우 조달청장). 조폐공사 제공■조폐공사, 조달청과 ‘전자조달시스템 통합’ 업무협약한국조폐공사(사장 반장식, www.komsco.com)가 조달청과 협력, 공공조달 투명성 향상과 효율성 제고에 나선다.조폐공사는 31일 대전 ID본부에서 반장식 사장과 김정우 조달청장 등이 참석한 가운데 조달청과 △전자조달시스템 통합 △혁신조달 확산 △디지털 신기술 공공서비스 활용 △공공조달 협업 강화 등을 주요 내용으로 하는 ‘전자조달시스템 통합’을 위한 업무협약을 체결했다.이번 협약으로 조폐공사는 자체 운영하고 있는 전자조달시스템을 조달청의 ‘차세대 나라장터’에 통합하게 된다. 조달청은 국가 종합 조달시스템인 기존 나라장터를 빅데이터·인공지능 등 디지털 신기술 기반으로 2024년까지 전면 재구축하고, 26개 공공기관의 자체 전자조달시스템을 ‘차세대 나라장터’로 통합·일원화하는 방안을 추진중이다.조폐공사는 이와 함께 조달청의 역점 사업인 혁신조달의 범정부적 확산을 위해 혁신수요 발굴과 혁신제품 판로 지원에 적극 동참하기로 했다. 조달청은 조폐공사가 추진하는 대규모 구매·공사 등 주요 조달사업에 대한 맞춤형 컨설팅과 전문적 조달서비스를 제공하게 된다.또 블록체인 등 디지털 신기술을 활용한 공공서비스 개선에도 협력하기로 했다. 조폐공사는 ‘차세대 나라장터’의 구축을 지원하기 위해 블록체인 기반 모바일 상품권 발행·관리 플랫폼인 ‘착(Chak)’의 운영 노하우를 조달청과 공유할 계획이다.반장식 사장은 “이번 협력으로 조달업무의 전문성과 투명성을 한층 높일 수 있게 됐다”며 “디지털 역량을 공유해 혁신적인 공공서비스 발굴에도 시너지 효과를 창출하겠다”고 말했다.한국산업단지공단 본사 전경. 산단공 제공■산단공, 공공기관 안전관리등급제 2등급 달성…총 98개 기관 중 최고등급 획득한국산업단지공단(이사장 김정환, 이하 산단공)은 기획재정부가 주관하는 ‘2020년 공공기관 안전관리등급제 심사’에서 2등급을 달성했다고 31일 밝혔다.공공기관 안전관리등급제는 98개 공공기관의 종합 안전관리 능력을 진단하기 위해 올해 최초로 실시되었다. 해당 기관이 전사적 안전경영체계(안전역량) 구축을 통해 어떻게 위험 작업현장별로 안전 활동을 이행(안전수준)하고, 그 결과 산재 사고율이 감소했는가(안전성과) 등을 종합적으로 평가한다.안전관리 등급은 1등급, 2등급, 3등급, 4-1등급, 4-2등급, 5등급으로 분류되는데, 올해는 평가 첫해인 점 등을 감안하여 “이상적인 수준”의 안전능력을 의미하는 1등급에 도달한 기관은 없는 것으로 심사해 실질적으로는 이번에 평가 받은 기관 중에서 2등급이 최고 등급이다.2등급 획득 기관을 보면 공기업은 한국남부발전㈜, 한국동서발전㈜, 한국석유공사, 한국지역난방공사, 한전KPS㈜ 등 5개 기관이고, 준정부기관은 한국산업단지단지공단, 국민체육진흥공단 등 2개 기관, 기타공공기관은 한국원자력연구원 1개 기관이다.산단공은 그 동안 △안전전담 조직과 보유시설물 안전센터를 신설하고 △전담 인력도 지속적으로 확대하는 한편, △본사와 전 지역본부를 대상으로 ISO45001 인증과 공공기관 최초로 건설업 KOSHA MS 전환 인증을 취득했다.또한, 김정환 이사장은 작년 3월 취임 이후 ‘안전한 산업단지는 공단의 핵심가치이자 최우선 목표이다’라는 안전보건경영방침을 수립하고, 코로나19에도 불구하고 현장에 나가 직접 안전을 살피기도 했다.그 결과 산단공은 작년 한 해 산업재해 사망사고와 안전사고가 단 한 건도 발생하지 않았으며, 이러한 노력과 성과를 인정받아 공공기관 안전관리등급제 2등급을 받았다. 이 외에도, 산단공은 지난 1월 고용노동부가 주관하는 공공기관 안전활동 수준평가에서 2년 연속 A등급을 달성하기도 했다.김정환 이사장은 “이번 평가 결과에 안주하지 않고 공단 직원과 수급업체 근로자, 그리고 국민의 안전을 위해 공공기관으로서의 책임을 다해 나갈 것”이라고 말했다.",http://www.busan.com/view/busan/view.php?code=2021083117265435827,https://n.news.naver.com/mnews/article/082/0001116541?sid=101,이번 협약으로 <b>조폐공사</b>는 자체 운영하고 있는 전자조달시스템을 조달청의 ‘차세대 나라장터’에 통합하게 된다. 조달청은 국가 종합 조달시스템인 기존 나라장터를 빅데이터·<b>인공지능</b> 등 디지털 신기술 기반으로... 
기획재정부 한국재정정보원 인공지능,"Thu, 18 Aug 2022 09:20:00 +0900","<b>한국재정정보원</b>, ‘제3회 <b>재정</b> 공공데이터 활용 보고서 공모전’ 개최...<b>재정</b>...","[서울경제] 한국재정정보원(이하 재정원)이 이번 달 8일부터 11월 13일까지‘재정 공공데이터 활용 보고서 공모전’을 진행한다. 올해 3회째를 맞이하는 공모전은 재정 분야 공공데이터의 활용도를 제고하는 동시에 재정 분야 연구 촉진을 목표로 추진해왔다. 재정원은 공공데이터 확산을 위해 디지털예산회계시스템(dBrain+)과 국고보조금통합관리시스템(e나라도움)에서 생산되는 재정정보를 분석하여 국가재정운용에 필요한 재정통계를 생산·제공하고 있다. 또한, 국민들이 재정을 보다 쉽게 이해할 수 있도록 재정 이슈별 해설서·통계집을 지속적으로 발행해왔다.특히 이번 공모전에는 열린재정과 공공데이터 포털 내 재정데이터를 활용한 정책분석 및 제안을 담은 다채로운 아이디어들이 쏟아질 것으로 예상되며, 다양한 분야에서 재정 데이터의 활용 가능성과 연구를 활성화하는 기회가 될 것으로 기대된다.◇ 재정원, 2019년부터 공모전 통해 국가 재정데이터 이용 확산 및 투명도 강화 노력 재정원은 2019년‘열린재정을 활용한 논문 공모전’을 시작으로 열린재정 접근성 제고와 재정 공공데이터 활성화를 위해 노력해왔다. 2019년도에는‘사업의 연속성과 예산의 변동성’포함 총 4편을, 2020년엔‘예산집행기간 변화가 불용액에 미치는 영향’포함 총 2편을 우수논문으로 선정했다. 우수논문은 시상 진행 및 한국행정학회 동계학술대회 세션에서 발표되었으며 재정원 발간물 「나라재정」에 게재됐다. 지난해 진행한 ‘재정데이터 시각화 경진대회’는 재정 데이터를 국민들이 쉽게 시각화·가공·활용할 수 있도록 아이디어를 발굴하여 큰 호응을 얻었다. ‘사용자 맞춤형 재정데이터 시각화’를 포함한 우수 결과로 선정된 5편은 인공지능 플랫폼 데이콘에서 오픈 소스로 제공되어 누구나 확인할 수 있다. ◇ 재정데이터 대국민 활용도 제고…2022년 10월 30일까지 참가신청 접수  재정원은 올해에도 공공데이터의 개방ㆍ활용성을 제고하기 위한 공모전을 이어간다. 본격 공모에 앞서 공모전에 대한 이해도와 참여율을 높이기 위한 사전 설명회를 가진다. 9월 중 재정원 5개 지역 재정도움센터를 중심으로 권역별 대학교를 방문하며, 10월 초에는 서울 본원 교육장과 세종 데이터분석센터ㆍ교육장에서 자세한 설명을 진행한다. 재정원은 설명회를 통해 열린재정 및 데이터분석센터의 활용 방법 등을 안내할 예정이다. 이번 공모전에 관심 있는 대학(원) 재ㆍ휴학생은 누구나 개인 또는 팀(최대 4인) 단위로 지원할 수 있으며, 재정데이터 활용 설명회(10월 초)를 거쳐 참가 신청(10월 30일까지)을 한 후 최종 보고서를 제출(11월 13일까지)하면 된다.수상작은 외부 전문기관 심사를 통해 선정될 예정이며, 기획재정부장관상 1편 300만 원, 한국재정정보원장상 2편은 각 150만 원, 한국정책학회장상 4편은 각 100만 원이 지급될 예정이다. 참가 신청자 역시 소정의 기념품을 받을 수 있다. 자세한 내용은 한국재정정보원 또는 열린재정 홈페이지 공지사항에서 확인할 수 있으며, 공모전 관련 문의는 공모전 운영사무국 전화 또는 이메일로 가능하다.박용주 한국재정정보원장은 “우리원이 운영하는 국가재정정보시스템 내 수집되는 재정정보를 국민과 국가를 위해 유의미한 정보로 가공·분석하여 제공함에 있어, 일반국민이 재정정보를 활용하고 정책에 참여할 수 있는 기회를 마련하는데 큰 의미가 있다.”며,  “재정정보의 투명성 및 활용도 제고를 위한 민·관 공동의 노력으로 볼 수 있는 공모전을 통해 국민의 혁신적인 정책 아이디어가 발굴되길 기대한다”고 말했다.",https://www.sedaily.com/NewsView/269UFVF7RN,https://n.news.naver.com/mnews/article/011/0004088750?sid=101,"‘사용자 맞춤형 <b>재정</b>데이터 시각화’를 포함한 우수 결과로 선정된 5편은 <b>인공지능</b> 플랫폼 데이콘에서... 수상작은 외부 전문기관 심사를 통해 선정될 예정이며, <b>기획재정부</b>장관상 1편 300만 원, <b>한국재정정보원</b>장상... "
기획재정부 국세청 인공지능,"Sun, 30 Oct 2022 16:02:00 +0900",<b>국세청</b> 세법 정보제공시스템 개편에…예정처 &quot;검토 기간 부족&quot; 지적,"국세청이 80억원 예산을 들여 세법 관련 정보를 제공하는 국세법령시스템 고도화를 추진하는 가운데 정보화전략계획(ISP)에 대한 검토기간이 부족하다는 지적이 제기됐다.30일 국세청과 국회 예산정책처에 따르면 국세청은 내년 예산에 국세법령정보시스템 고도화를 위한 예산 81억8000만원을 배정받았다.국세법령정보시스템은 세법 해석 정보를 제공한다. 잦은 세법개정 등으로 세법 해석 질의가 급증했지만 2006년 개통 이후 전면개편 없이 운영하고 있다.시스템 노후화로 이용자들이 검색에 불편을 겪자 회계법인 등을 중심으로 기획재정부와 국세청이 생산한 질의회신 정보를 유료로 제공하는 서비스도 등장했다. 납세자 간 경제력에 따라 세법 정보에 대한 비대칭이 발생하자 국세청은 시스템 개선에 착수했다.국세청은 올해 시스템 개편을 위한 정보화전략계획(ISP)을 수립하고 내년에 본격적인 시스템 개편을 위한 개발에 착수한다. 국세청은 수요자 중심, 인공지능(AI) 기반으로 시스템을 개편할 계획이다. 내년 예산에 재개발비 29억8700만원, 하드웨어 취득비용 30억3900만원, 소프트웨어 관련 예산 17억5600만원 등이 반영됐다. 이번 사업은 내년 말까지 추진된다.국회 예정처는 국세법령정보시스템 고도화 구축 사업이 2023년도 지능정보화 실행계획에 포함되지 않아 과학기술정보통신부의 점검·분석을 거치지 않았다고 지적했다. 수립된 ISP에 대한 검토 기간도 짧아 일반적인 정보화 사업보다 타당성과 적정성이 충분히 검토되지 않은 측면도 있다고 봤다.중앙행정기관의 정보화사업은 지능정보사회 실행계획에 반영해야 한다. 그러나 이번 사업 ISP는 4~7월 진행돼 2023년 지능정보사회 실행계획에 반영되지 않았다.또 정보시스템 구축 사업은 원칙적으로 ISP 수립 완료 이후 예산을 요구해야 한다. 예산 요구에 앞서 ISP 결과에 대한 검토를 기재부에 요청해야 한다. 국세청은 기재부와 한국지능정보사회진흥원(NIA) 검토를 거쳐 예산안에 편성됐다고 밝혔다. 그러나 예정처는 예산 요구 이전에 ISP 결과에 대한 검토가 이뤄져야 하고 9월에 예산이 국회에 제출된 점을 고려하면 적정성 검토 기간이 부족하다고 봤다.예정처는 “예산 편성 과정에서 시스템 고도화 사업의 타당성과 예산규모 적정성에 대한 검토 절차가 일반적인 정보화 사업보다 부족한 측면이 있어 예산 심의 과정에서 이를 면밀하게 살펴볼 필요가 있다”고 지적했다.국세청 관계자는 “과기정통부의 '2023년 지능정보화 실행계획'에는 사후 수정을 거쳐 사업을 포함했다”며 “기재부·NIA와도 ISP 결과에 대해 충분한 검토를 거쳤다”고 강조했다.",https://www.etnews.com/20221028000163,https://n.news.naver.com/mnews/article/030/0003055263?sid=101,"시스템 노후화로 이용자들이 검색에 불편을 겪자 회계법인 등을 중심으로 <b>기획재정부</b>와 <b>국세청</b>이 생산한... <b>국세청</b>은 수요자 중심, <b>인공지능</b>(AI) 기반으로 시스템을 개편할 계획이다. 내년 예산에 재개발비 29억8700만원... "
기획재정부 국세청 인공지능,"Mon, 03 Oct 2022 08:02:00 +0900","[이용섭의 세금, 오해와 통념] ③ 운명처럼 다가온 <b>국세청</b>장 자리","  참여정부 첫 국세청장 발탁.    젊은 시절 세무서에서 공직을 시작했던 나에겐 그 의미가 남달랐다. 금의환향하는 내 모습은 어려운 여건 속에서도 사명감 하나로 버티면서 밤낮없이 일하고 있던 후배들에게 희망이 되고 용기가 되었다. 또한 오랜 기간 기획재정부에서 수립해온 조세 정책과 제도가 현장에서 어떻게 집행되는지 피드백할 수 있는 좋은 기회였다. 그리고 이후 중요한 공직을 계속해서 맡게 된 결정적인 계기가 되기도 했다.    노무현 정부가 출범하던 당시 나는 관세청장으로 재직 중이었다. 새 정부가 들어서면 통상 정무직은 그만두는 것이 관례였고 당시에도 모든 청장들이 바뀔 것이라는 얘기가 공공연히 돌고 있었다. 특히 나는 노무현대통령은 물론 그 주변 분들과도 어떤 인연이나 연결고리가 없었으므로 1년여의 관세청장직을 조용히 마무리 중에 있었다.    2003년 3월3일. 참여정부 첫 차관 및 청장 인사가 발표된 그 날의 기억은 아직도 또렷하다. 아침 일찍 일어나 관세청장으로서의 마지막 행사인 ‘납세자의 날’ 기념식 참석을 준비하고 있었다. 그런데 이른 아침부터 TV자막에 참여정부 첫 국세청장 내정자로 내 이름이 나오고 있었다. 누구로부터도 사전에 국세청장 내정 통보가 없었기 때문에 놀랄 수밖에 없었다.    정부는 그날 오전 10시 예정대로 차관 및 청장 인사를 공식 발표했다. 청와대는 나를 발탁한 이유로 세금에 대한 전문성과 관세청장 시절 보여준 개혁성을 꼽았다. 과거 기준으로 보면 국세청장자리는 대통령과 비밀을 공유할 수 있는 측근 중의 측근이 가는 자리인데 어떻게 대통령과 일면식도 없는 내가 발탁되었는지 너무나 궁금했지만, 그 당시 물어볼 사람조차 없었다. 세상이 바뀌었음을 실감했다.    전해들은 얘기로는 3월3일 아침 총리에게 보고된 인사안에는 나는 기획예산처 차관으로 내정되어 있었고 국세청장에는 모 지방국세청장이 내부 승진하는 것으로 되어있었다고 한다. 그런데 청와대가 최종 결정하는 과정에서 운명이 바뀌었다. 그 내막은 그로부터 8년이 지난 후에야 비로소 알게 됐다. 18대 대선을 앞두고 문재인 후보가 2011년 6월에 발간한 '문재인의 운명' (214～215쪽)을 보면 당시 국세청장 발탁 배경을 대강 알 수 있는 대목이 나온다.    “이용섭 관세청장을 초대 국세청장에 발탁한 것은 내 아이디어였다.  그는 우리와 전혀 인연이 없었고, 나하고도 알지 못하는 사이였다.(중략)  마침 호남출신인 이용섭 관세청장의 개인 업무평가와 부처 혁신평가가 대단히 좋았다. 비국세청 출신을 통해 국세청의 고질적 문제를 개혁해보자는 취지도 있었다. 인사회의에서 그렇게 추천했는데 모두 찬성했고, 당선인도 좋아했다. 그는 나중에 우리 쪽과 인연과 연줄이 전혀 없는데도 발탁된 게 신기했고, 그 때문에 참여정부의 인사 철학을 높이 평가하게 됐다는 심정을 토로하곤 했다.    그는 국세청장 재임 시 박원순 변호사를 위원장으로 하는 세정개혁위원회를 둬 접대비 상한제, 골프와 유흥업소의 접대비 불인정 등 많은 세정개혁을 했다. 대통령도 그의 혁신 능력을 높이 평가해 이후 청와대 혁신관리수석 행자부장관 건교부장관 등으로 계속 기용했다. 지금도 국회의원으로 전문성이 돋보이는 의정활동을 하고 있는 것을 보면 흐뭇하다”    참여정부 시절 문재인 전 대통령은 청와대 수석비서관과 비서실장을 역임했고 나는 국세청장, 청와대 수석비서관, 장관으로 일하면서 서로 이야기할 기회가 많았지만 그 분은 단 한 번도 나의 발탁에 대해 언급한 적이 없다. 참으로 심지가 깊은 분이라고 생각했다.    그 후에도 문재인대통령과의 인연은 계속되었다. 2017년 19대 대통령선거 때 나는 문재인캠프 비상경제대책단장을 맡았고, 2017년 5월10일 출범한 문재인 정부에서는 일자리위원회 초대 부위원장(위원장 :문재인대통령)으로 일했다. 그리고 2018년 2월 7일 나는 부위원장을 사직하고 광주광역시장에 출마해 당선되었다. 시장이 되고 나서도 광주형 일자리 성공, 인공지능 대표도시 광주를 만드는 과정에서 문대통령은 어려운 광주에 많은 도움을 주셨다.    내가 국세청장으로 임명될 당시 국세청의 여건은 참으로 어려웠다. 세풍사건, 언론사 세무조사 등의 여파로 세무조사의 중립성에 대한 국민의 신뢰가 크게 훼손되어 있었고, 세금 부조리도 큰 문제였다. 권력기관이라는 이미지 때문에 국세청장에 대한 국회인사청문회제도까지 도입되기에 이르렀다.    나에게 맡겨진 시대적 소명은 분명했다. 권력기관으로 인식되던 국세청을 국민의 봉사기관으로 탈바꿈시키는 것이었다. 국세청장으로 취임하자마자 국세행정의 패러다임과 시스템을 바꾸는 강도 높은 혁신을 추진하였다. 취임 3일만에 혁신적인 직원들로 ‘세정혁신추진기획단’을 출범시켰고, 보름만에 각계각층의 외부 전문가로 구성된 ‘세정혁신추진위원회’를 발족하여 세정혁신의 목표와 방향 그리고 혁신과제를 확정하였다. 숨 돌릴 틈도 없이 시작된 개혁의 걸음들이었다.    반발도 만만치 않았다. 보수성이 강한 조직에 1988년 이후 15년만에 외부 출신 청장이 취임하고 전면적인 혁신을 추진하자, 과거 연고에 의해 인사나 세금문제를 해결해왔던 안팎 기득권층의 저항이 거셌다. 1만7천여명의 국세공무원을 이끌고 세정 불신의 벽을 넘는 것은 매우 험난한 도전이었다.    그럼에도 노무현 대통령의 신뢰와 뜻있는 직원들의 적극적인 참여를 바탕으로 2년이라는 짧은 기간 동안에 많은 성과를 창출할 수 있었다, 많은 저항을 감내해야 했던 접대비실명제 실시, 과세자료 양성화를 위해 세계 최초로 도입한 현금영수증제도 시행, 20년 이상 유지되어온 특별세무조사 폐지를 비롯한 투명한 세무조사시스템 확립, 납세자들에게 자긍심을 드리기 위한 세금포인트·모범성실납세자·고액납세기념탑 제도 도입, 청탁과 로비가 통하지 않는 ‘전자희망인사시스템’ 구축 등의 성과를 남겼다. 무엇보다도 값진 변화는 권력기관으로 인식되던 국세청이 국민의 봉사기관으로 새롭게 거듭났다. 그 결과 내가 청장으로 재임하던 2003과 2004년 우리 국세청은 2년 연속 정부업무종합평가 최우수기관과 혁신선도부처로 선정되었다.    이러한 국세청장 시절의 개혁성을 인정받아 나는 참여정부 초대 혁신관리수석비서관과 행정자치부장관으로 발탁되어 정부혁신을 총괄하는 소중한 기회를 경험할 수 있었다. 이후에도 내가 과거 근무경험이 전혀 없는 행정자치부와 건설교통부의 장관으로 임명된 것을 보면 노무현대통령의 가장 중요한 인사기준은 ‘혁신성’이었던 것이 분명하다. 그 분은 진정한 ‘혁신대통령’이셨다.    *4회부터는 본격적으로 현안 조세 잇슈를 다루고자 한다. 그간 3회에 걸쳐 세금과 관련된 살아온 이야기를 먼저 연재한 것은 내가 세금 칼럼을 쓰는 논거와 신뢰를 확보하기 위한 것이다. 아울러 연재 내용 중에는 필자가 그동안 쓴 저서나 기고 내용을 상당부분 인용하고 있다는 점을 밝힌다.    다음회 예고 : ④ 한국의 조세부담 수준 적정한가?조세일보이용섭 전 광주광역시장",http://www.joseilbo.com/news/news_read.php?uid=467598&class=7&grp=,https://n.news.naver.com/mnews/article/123/0002287232?sid=101,또한 오랜 기간 <b>기획재정부</b>에서 수립해온 조세 정책과 제도가 현장에서 어떻게 집행되는지 피드백할 수 있는... <b>인공지능</b> 대표도시 광주를 만드는 과정에서 문대통령은 어려운 광주에 많은 도움을 주셨다. 내가 <b>국세청</b>장... 
기획재정부 관세청 인공지능,"Fri, 14 Oct 2022 09:24:00 +0900",기재차관 “에너지·물가안정 추진…포항 산업위기대응지역 지정 검토”,"비상경제차관회의 “세계 경제 인플레 장기화 위험 직면”“에너지 절약대책 필요시 보강, 9월 김장 수급대책 발표”[세종=이데일리 이명철 기자] 방기선 기획재정부 1차관은 14일 에너지 절감 및 물가 안정과 관련해 “에너지 절약 및 효율화 대책의 이행 점검과 보완 조치를 강구하고 김장철 물가가 안정적으로 유지되도록 김장재료 수급 안정대책을 이달말 발표할 계획”이라고 밝혔다. 철강 생산 차질에 대응해서는 포항 지역을 산업위기 선제대응지역으로 지정하는 방안도 검토한다.방기선 기획재정부 1차관이 14일 오전 서울 종로구 정부서울청사에서 열린 ‘제10차 비상경제차관회의’를 주재하고 있다. (사진=기재부)방 차관은 이날 오전 서울 광화문 정부서울청사에서 열린 제10차 비상경제차관회의를 열어 “세계 경제는 에너지 충격 등으로 인한 인플레이션 장기화의 위험에 직면했고 우리 경제도 예외일 수 없다”며 이 같이 말했다.최근 에너지 충격에 따른 인플레이션 위험에 대응해 프랑스·이탈리아 등 유럽 각국은 에너지 절약을 위한 대책을 시행하고 있다.한국도 지난달 30일 ‘에너지 절약 및 효율화 대책’을 발표해 모든 공공기관이 에너지 10% 절감 이행 계획을 세우고 난방온도 제한, 불필요한 조명 소등 등 에너지 절감 5대 실천 강령을 시행 중이다. 민간 참여를 위한 에너지 효율 혁신 협약 체결과 범국민 캠페인도 진행할 계획이다.이날 회의에서는 높은 에너지가격 등의 영향으로 경상수지 변동성이 커짐에 따라 마련한 국제수지 대응 방향의 후속조치 세부 추진 계획도 논의했다. 방 차관은 “수출 활성화 및 수입 국내전환, 서비스산업 경쟁력 강화 등 부문별 18개 신규 대책이 신속하고 내실 있게 추진되도록 진행상황을 면밀히 점검하면서 준비에 만전을 기해 나가겠다”김장철을 앞둔 가운데 배추·무 가격은 지난달말부터 물량 출하로 안정세를 보이고 있다. 방 차관은 “예년 대비 관리 품목 확대, 수급불안 품목 중심 물량 공급 확대, 품목별 할인 지원 등을 주요 내용으로 하는 김장재료 수급 안정대책을 발표할 것”이라고 전했다.관세청 은 수입 물가 모니터링 시스템을 구축·운영해 수입 가격이 단기 급등하는 품목 등을 선별·분석하는 등 수입 물가 강세에도 대응할 방침이다.포항제철소가 지난달 태풍 ‘힌남노’로 침수·화재 피해를 입어 철강 생산 차질에 대하 우려도 크다. 방 차관은 “현재 제품생산 공정 18개 생산라인 중 4개가 복구됐고 연말까지 10개 라인이 추가 복구돼 시장 안정화가 가능한 수준의 생산 여력을 회복할 예정”이라며 “시장 내 재고 감안 시 철강 수급 전체에 미치는 영향은 제한적일 것”이라고 예상했다.다만 철강 생산 차질이 장기화되지 않도록 물자와 인력 등을 지속 지원하고 포항을 산업위기 선제대응지역으로 지정하는 방안도 적극 검토할 방침이다.바이오헬스 산업 육성을 위해 마련한 혁신 방안 이행 상황도 점검했다. 지난달에는 K-바이오·백신펀드 운용사 선정을 완료했고 인공지능(AI) 등을 활용한 혁신 의료기기의 현장 도입을 위한 고시 개정 등 규제 혁신도 추진 중이다.한편 이날 발표된 9월 고용동향과 관련해서는 고용률 등 전반적인 지표는 양호한 흐름을 이어가고 있지만 취업자 증가폭은 소폭 줄어 경기둔화 우려가 일부 반영되고 있다는 판단이다.방 차관은 “정부는 고용지표를 면밀히 점검해 나가면서 민간 부문의 일자리 창출력 제고와 대상별 맞춤형 역량 지원, 취약계층 안전망 보강 등 정책적 노력을 지속해나가겠다”고 말했다.",http://www.edaily.co.kr/news/newspath.asp?newsid=01643286632492920,https://n.news.naver.com/mnews/article/018/0005341236?sid=101,방기선 <b>기획재정부</b> 1차관은 14일 에너지 절감 및 물가 안정과 관련해 “에너지 절약 및 효율화 대책의 이행... 지난달에는 K-바이오·백신펀드 운용사 선정을 완료했고 <b>인공지능</b>(AI) 등을 활용한 혁신 의료기기의 현장 도입을... 
기획재정부 관세청 인공지능,"Mon, 03 Oct 2022 08:02:00 +0900","[이용섭의 세금, 오해와 통념] ③ 운명처럼 다가온 국세청장 자리","  참여정부 첫 국세청장 발탁.    젊은 시절 세무서에서 공직을 시작했던 나에겐 그 의미가 남달랐다. 금의환향하는 내 모습은 어려운 여건 속에서도 사명감 하나로 버티면서 밤낮없이 일하고 있던 후배들에게 희망이 되고 용기가 되었다. 또한 오랜 기간 기획재정부에서 수립해온 조세 정책과 제도가 현장에서 어떻게 집행되는지 피드백할 수 있는 좋은 기회였다. 그리고 이후 중요한 공직을 계속해서 맡게 된 결정적인 계기가 되기도 했다.    노무현 정부가 출범하던 당시 나는 관세청장으로 재직 중이었다. 새 정부가 들어서면 통상 정무직은 그만두는 것이 관례였고 당시에도 모든 청장들이 바뀔 것이라는 얘기가 공공연히 돌고 있었다. 특히 나는 노무현대통령은 물론 그 주변 분들과도 어떤 인연이나 연결고리가 없었으므로 1년여의 관세청장직을 조용히 마무리 중에 있었다.    2003년 3월3일. 참여정부 첫 차관 및 청장 인사가 발표된 그 날의 기억은 아직도 또렷하다. 아침 일찍 일어나 관세청장으로서의 마지막 행사인 ‘납세자의 날’ 기념식 참석을 준비하고 있었다. 그런데 이른 아침부터 TV자막에 참여정부 첫 국세청장 내정자로 내 이름이 나오고 있었다. 누구로부터도 사전에 국세청장 내정 통보가 없었기 때문에 놀랄 수밖에 없었다.    정부는 그날 오전 10시 예정대로 차관 및 청장 인사를 공식 발표했다. 청와대는 나를 발탁한 이유로 세금에 대한 전문성과 관세청장 시절 보여준 개혁성을 꼽았다. 과거 기준으로 보면 국세청장자리는 대통령과 비밀을 공유할 수 있는 측근 중의 측근이 가는 자리인데 어떻게 대통령과 일면식도 없는 내가 발탁되었는지 너무나 궁금했지만, 그 당시 물어볼 사람조차 없었다. 세상이 바뀌었음을 실감했다.    전해들은 얘기로는 3월3일 아침 총리에게 보고된 인사안에는 나는 기획예산처 차관으로 내정되어 있었고 국세청장에는 모 지방국세청장이 내부 승진하는 것으로 되어있었다고 한다. 그런데 청와대가 최종 결정하는 과정에서 운명이 바뀌었다. 그 내막은 그로부터 8년이 지난 후에야 비로소 알게 됐다. 18대 대선을 앞두고 문재인 후보가 2011년 6월에 발간한 '문재인의 운명' (214～215쪽)을 보면 당시 국세청장 발탁 배경을 대강 알 수 있는 대목이 나온다.    “이용섭 관세청장을 초대 국세청장에 발탁한 것은 내 아이디어였다.  그는 우리와 전혀 인연이 없었고, 나하고도 알지 못하는 사이였다.(중략)  마침 호남출신인 이용섭 관세청장의 개인 업무평가와 부처 혁신평가가 대단히 좋았다. 비국세청 출신을 통해 국세청의 고질적 문제를 개혁해보자는 취지도 있었다. 인사회의에서 그렇게 추천했는데 모두 찬성했고, 당선인도 좋아했다. 그는 나중에 우리 쪽과 인연과 연줄이 전혀 없는데도 발탁된 게 신기했고, 그 때문에 참여정부의 인사 철학을 높이 평가하게 됐다는 심정을 토로하곤 했다.    그는 국세청장 재임 시 박원순 변호사를 위원장으로 하는 세정개혁위원회를 둬 접대비 상한제, 골프와 유흥업소의 접대비 불인정 등 많은 세정개혁을 했다. 대통령도 그의 혁신 능력을 높이 평가해 이후 청와대 혁신관리수석 행자부장관 건교부장관 등으로 계속 기용했다. 지금도 국회의원으로 전문성이 돋보이는 의정활동을 하고 있는 것을 보면 흐뭇하다”    참여정부 시절 문재인 전 대통령은 청와대 수석비서관과 비서실장을 역임했고 나는 국세청장, 청와대 수석비서관, 장관으로 일하면서 서로 이야기할 기회가 많았지만 그 분은 단 한 번도 나의 발탁에 대해 언급한 적이 없다. 참으로 심지가 깊은 분이라고 생각했다.    그 후에도 문재인대통령과의 인연은 계속되었다. 2017년 19대 대통령선거 때 나는 문재인캠프 비상경제대책단장을 맡았고, 2017년 5월10일 출범한 문재인 정부에서는 일자리위원회 초대 부위원장(위원장 :문재인대통령)으로 일했다. 그리고 2018년 2월 7일 나는 부위원장을 사직하고 광주광역시장에 출마해 당선되었다. 시장이 되고 나서도 광주형 일자리 성공, 인공지능 대표도시 광주를 만드는 과정에서 문대통령은 어려운 광주에 많은 도움을 주셨다.    내가 국세청장으로 임명될 당시 국세청의 여건은 참으로 어려웠다. 세풍사건, 언론사 세무조사 등의 여파로 세무조사의 중립성에 대한 국민의 신뢰가 크게 훼손되어 있었고, 세금 부조리도 큰 문제였다. 권력기관이라는 이미지 때문에 국세청장에 대한 국회인사청문회제도까지 도입되기에 이르렀다.    나에게 맡겨진 시대적 소명은 분명했다. 권력기관으로 인식되던 국세청을 국민의 봉사기관으로 탈바꿈시키는 것이었다. 국세청장으로 취임하자마자 국세행정의 패러다임과 시스템을 바꾸는 강도 높은 혁신을 추진하였다. 취임 3일만에 혁신적인 직원들로 ‘세정혁신추진기획단’을 출범시켰고, 보름만에 각계각층의 외부 전문가로 구성된 ‘세정혁신추진위원회’를 발족하여 세정혁신의 목표와 방향 그리고 혁신과제를 확정하였다. 숨 돌릴 틈도 없이 시작된 개혁의 걸음들이었다.    반발도 만만치 않았다. 보수성이 강한 조직에 1988년 이후 15년만에 외부 출신 청장이 취임하고 전면적인 혁신을 추진하자, 과거 연고에 의해 인사나 세금문제를 해결해왔던 안팎 기득권층의 저항이 거셌다. 1만7천여명의 국세공무원을 이끌고 세정 불신의 벽을 넘는 것은 매우 험난한 도전이었다.    그럼에도 노무현 대통령의 신뢰와 뜻있는 직원들의 적극적인 참여를 바탕으로 2년이라는 짧은 기간 동안에 많은 성과를 창출할 수 있었다, 많은 저항을 감내해야 했던 접대비실명제 실시, 과세자료 양성화를 위해 세계 최초로 도입한 현금영수증제도 시행, 20년 이상 유지되어온 특별세무조사 폐지를 비롯한 투명한 세무조사시스템 확립, 납세자들에게 자긍심을 드리기 위한 세금포인트·모범성실납세자·고액납세기념탑 제도 도입, 청탁과 로비가 통하지 않는 ‘전자희망인사시스템’ 구축 등의 성과를 남겼다. 무엇보다도 값진 변화는 권력기관으로 인식되던 국세청이 국민의 봉사기관으로 새롭게 거듭났다. 그 결과 내가 청장으로 재임하던 2003과 2004년 우리 국세청은 2년 연속 정부업무종합평가 최우수기관과 혁신선도부처로 선정되었다.    이러한 국세청장 시절의 개혁성을 인정받아 나는 참여정부 초대 혁신관리수석비서관과 행정자치부장관으로 발탁되어 정부혁신을 총괄하는 소중한 기회를 경험할 수 있었다. 이후에도 내가 과거 근무경험이 전혀 없는 행정자치부와 건설교통부의 장관으로 임명된 것을 보면 노무현대통령의 가장 중요한 인사기준은 ‘혁신성’이었던 것이 분명하다. 그 분은 진정한 ‘혁신대통령’이셨다.    *4회부터는 본격적으로 현안 조세 잇슈를 다루고자 한다. 그간 3회에 걸쳐 세금과 관련된 살아온 이야기를 먼저 연재한 것은 내가 세금 칼럼을 쓰는 논거와 신뢰를 확보하기 위한 것이다. 아울러 연재 내용 중에는 필자가 그동안 쓴 저서나 기고 내용을 상당부분 인용하고 있다는 점을 밝힌다.    다음회 예고 : ④ 한국의 조세부담 수준 적정한가?조세일보이용섭 전 광주광역시장",http://www.joseilbo.com/news/news_read.php?uid=467598&class=7&grp=,https://n.news.naver.com/mnews/article/123/0002287232?sid=101,"또한 오랜 기간 <b>기획재정부</b>에서 수립해온 조세 정책과 제도가 현장에서 어떻게 집행되는지 피드백할 수 있는... 시장이 되고 나서도 광주형 일자리 성공, <b>인공지능</b> 대표도시 광주를 만드는 과정에서 문대통령은 어려운... "
기획재정부 조달청 인공지능,"Mon, 19 Sep 2022 20:07:00 +0900","김병일 도산서원장 &quot;선비정신, &apos;정신적 빈곤&apos; 대안 될 수 있어&quot;","'뜻이 길을 열다' 출간…""퇴계 선생, 21세기 리더의 롤 모델""기자간담회에서 발언하는 김병일 도산서원장[나남 제공. 재판매 및 DB 금지]    (서울=연합뉴스) 성도현 기자 = ""포스트 코로나 시대에 우리 문화가 정신적 빈곤 상태에 빠졌다는 것이 가슴 아픈 현실입니다. 우리 사회에 꼭 필요한 정신적 가치는 무엇인지 곰곰이 생각한 결과 오래된 선비정신이 새로운 대안이 될 수 있다는 결론을 내렸습니다.""    김병일(77) 도산서원장 겸 도산서원선비문화수련원 이사장은 19일 '뜻이 길을 열다'(나남) 출간을 기념해 중구 서울시청 시민청에서 연 기자간담회에서 ""선비정신은 반목과 갈등이 심해지는 우리 사회에 필요한 덕목""이라며 이렇게 말했다.    그러면서 ""선비정신은 일상에서 반드시 실천해야 하는 것""이라며 ""많은 사람이 늘 가까이하고 실천해 현재 가치와 미래 가치를 되살릴 때 선비정신은 우리 문화의 대안이 될 수 있다""고 강조했다.    저서 '퇴계처럼: 조선 최고의 리더십을 만난다', '선비처럼', '퇴계의 길을 따라' 등을 통해 퇴계 이황(1501∼1570)이 추구한 참 선비의 길을 제시하고자 한 그는 신간에서 창의력과 융합 능력, 바른 인성과 공감 능력을 선비정신의 핵심 요소로 꼽는다.    특히 지금까지 우리 사회가 '인간 대 인간'의 경쟁 구도였다면, 4차 산업혁명 시대엔 '인간 대 인공지능(AI)'의 경쟁으로 변화했다고 주장한다. 지식과 기술은 AI가 크게 앞설 수 있지만 인간 존중과 공감 능력은 AI의 영역이 아니어서 인간만이 갖출 수 있는 영역이라는 게 그의 생각이다.도산서원[나남 제공. 재판매 및 DB 금지]    김 원장은 1971년 공직에 입문해 34년간 통계청장, 조달청장, 기획예산처(현 기획재정부) 장관 등을 지낸 경제 관료다. 2008년 경북 안동으로 온 뒤 퇴계 사상을 알리는 데 집중하면서 '선비정신의 전도사'로 불린다. 올해 초 도산서원선비문화수련원 누적 수련생은 100만 명을 넘겼다.     그는 책에서 선비들의 공부법, 조선 최고의 선비를 키워낸 퇴계 집안의 인성교육, 바른 인성과 공감 능력을 키우는데 필요한 덕목인 오륜(五倫), 비대면 '줌 제사'와 온택트 선비 수련 등 선비문화 혁신의 사례를 소개한다.    퇴계와 조선 중기 성리학자 고봉 기대승(1527∼1572)의 8년에 걸친 사단칠정(四端七情) 논쟁을 소개하면서는 ""두 사람의 교류를 본받으면 어떠한 견해 차이도 극복할 수 있다""고 강조한다. 퇴계처럼 상대방의 의견을 경청하고, 고봉처럼 예의를 지켜 처신한다면 누구와도 좋은 결실을 얻게 된다는 것이다.    김 원장은 퇴계가 집안 여인, 하인 등을 존중하고 보듬은 일화를 소개하며 ""늘 자신을 낮추고 남을 차별하지 않았다""고 말했다. 남편과 사별한 둘째 며느리의 개가를 받아들이고, 아픈 증손자에게 젖을 먹일 여종을 보내달라는 손자의 부탁에 ""여종의 아기가 죽을 수 있다""며 거절한 일화 등이 알려져 있다.    그는 ""다원화·민주화 사회에서 구성원의 공감 없이 무조건 밀어붙이는 독불장군 리더는 힘을 발휘할 수 없다""며 ""도덕 사회 구현을 소명으로 삼고 성별과 계층을 초월해 상대를 존중하며 올바른 길로 이끌었던 퇴계 선생은 21세기 리더의 롤 모델""이라고 말했다.뜻이 길을 열다[나남 제공. 재판매 및 DB 금지]    raphael@yna.co.kr",https://www.yna.co.kr/view/AKR20220919153500005?input=1195m,https://n.news.naver.com/mnews/article/001/0013448405?sid=103,"특히 지금까지 우리 사회가 &apos;인간 대 인간&apos;의 경쟁 구도였다면, 4차 산업혁명 시대엔 &apos;인간 대 <b>인공지능</b>(AI)&apos;의... 김 원장은 1971년 공직에 입문해 34년간 통계청장, <b>조달청</b>장, <b>기획</b>예산처(현 <b>기획재정부</b>) 장관 등을 지낸 경제... "
기획재정부 조달청 인공지능,"Mon, 19 Sep 2022 06:00:00 +0900",[소년중앙] AI·IoT 첨단기술로 빗물터널부터 맨홀까지 관리…스마트한 집중호...,"  날로 늘어나는 집중호우 피해 줄이려면 어떻게 해야 할까요           사계절이 뚜렷한 한반도가 기후변화로 인해 봄·가을은 줄고 더운 여름과 추운 겨울이 길어지고 있습니다. 특히 올여름엔 아열대 기후처럼 고온다습한 날과 집중호우가 늘었죠. ‘기후변화에 관한 정부 간 협의체(IPCC)’ 제6차 평가보고서에 따르면 2021~2040년 한반도 주변 해역의 해수면 온도는 1995~2014년보다 1~1.2도가량 올라요. 지구온난화로 인해 수온이 상승하면서 더 많은 수증기가 한반도로 유입돼 여름철 집중호우도 자주 나타나게 된 겁니다. 우리는 앞으로 어떻게 집중호우를 대비해야 할까요. 집중호우 피해를 줄이기 위해 스마트하게 대비하고 있는 곳이 있어 소중 학생기자단이 찾아갔습니다.                                                             빗물이 모인 목동빗물펌프장 유수지를 확인하는 소중 학생기자단.                                                          지난 8월 집중호우로 전국 곳곳에 물난리가 났습니다. 8월 8일부터 9일 오후 8시까지 서울 동작구 기상청 관측소는 483㎜의 누적 강수량을 기록했는데, 이는 7월 전체 강수량(252.3㎜)의 두 배에 가까웠어요. 중앙재난안전대책본부는 8~17일 발생한 집중호우로 3155억원의 재산피해가 집계됐으며 서울·경기 등 도심 저지대 주택 2만7262세대 침수피해와 농작물 4449ha 등의 사유시설 피해가 발생했다고 설명했어요. 기획재정부는 8월 30일 발표한 2023년 예산안에 수해 등 재난 대응 관련 예산을 7조3000억원으로 1조원가량 늘렸죠.           정부는 인공지능(AI) 홍수 예보 플랫폼과 한강 유역 침수 위험지도 제작 등 스마트 예보 체계 구축, 국가·지방 하천 등 모든 물길의 수위와 유량 실시간 자동 모니터링 시스템 조성에도 나섰는데요. 각 기관과 지자체, 기업도 앞으로 계속될 집중호우에 대비하고 있죠. 이를 알아보기 위해 소중 학생기자단이 먼저 서울 양천구에 있는 목동빗물펌프장으로 향했습니다.                                                             서연우·오지효 학생기자·홍승현(왼쪽부터) 학생모델이 목동빗물펌프장을 방문해 모터 펌프 등 장비 작동법부터 빗물펌프장이 어떻게 운영되는지 자세히 알아봤다.                                                          자동화 저장·배수 시설로 집중호우 피해 대비           이철희 양천구청 치수과 하수기전팀 주임이 서연우·오지효 학생기자·홍승현 학생모델을 빗물펌프장 내부로 안내했어요. “빗물펌프장은 집중호우로 인한 침수 피해를 막기 위해 빗물을 하천이나 강으로 퍼내는 역할을 해요. 수문을 설치해 빗물을 유수지에 모으고, 모터 펌프로 빗물을 하천에 방류하죠. 평소에는 수문을 닫고, 비가 오면 수문을 열어 빗물이 펌프장으로 들어오게 하죠. 목동빗물펌프장은 빗물을 저수하는 지하 유수지에 21만3000t의 빗물을 저장할 수 있어요. 유수지에 기둥을 박아 복개한 지상 부분 약 10만5000m²에는 테니스장·공영주차장 등이 있죠.”           펌프장에 유입된 빗물은 오물로 인한 사고가 발생하지 않도록 제진기로 걸러낸 뒤 모터 펌프를 통해 방류됩니다. 걸러진 오물은 협잡물 컨베이어로 이송돼 트럭에 실리죠. 목동빗물펌프장의 경우 안양천으로 빗물이 빠져나가요. 소중 학생기자단은 이 주임의 도움을 받아 직접 제진기와 모터 펌프를 수동으로 작동해봤죠. “목동빗물펌프장 기계들은 수동으로만 움직이나요?” 연우 학생기자가 궁금해했어요. “과거에는 사람이 현장에서 수동으로만 기계를 작동했어요. 그러면 이번 집중호우처럼 갑자기 빗물이 쏟아질 경우 빠르게 대처하기가 힘들죠. 지금은 설비자동제어장치(PLC·Programmable Logic Controller)와 HMI(컴퓨터·시스템 따위의 장치와 사용자 간의 인터페이스) 자동화 프로그램을 이용해 기계에 빗물 양과 관련된 값을 설정하고, 값에 따라 자동으로 물을 방류해요. 빗물을 퍼내는 펌프, 빗물 속 오물을 걸러내는 제진기 등 전체 시설을 자동으로 운영합니다.”                                                             제진기는 빗물펌프장에 유입된 빗물에 섞인 오물을 걸러내 방류 시 오물로 인한 사고를 방지한다.                                                          구체적으로 어떻게 펌프장이 자동으로 운영되는지 알아보기 위해 소중 학생기자단이 상황실로 향했어요. 상황판에는 ‘금일 강우량’과 ‘목동펌프장 수위’가 실시간으로 표시됐죠. 이 주임은 “빗물이 얼마나 들어왔는지 알 수 있게 수위계를 설치했어요. 컴퓨터에 특정 수위계 값을 설정하고, 수위가 그 값에 맞춰지면 자동으로 펌프를 작동하며 수문을 열고 닫아 빗물을 퍼내죠. 또한 빗물 양이 급속도로 많아질 것을 대비해 설정한 수위계 값에 도달하기 전 수동으로도 작동시킬 수 있어요.”           서연우·오지효 학생기자·홍승현 학생모델이 컴퓨터로 펌프를 작동해봤어요. 빗물펌프장에 있는 여러 펌프가 이미지로 모니터에 뜨고, 마우스로 그중 하나를 선택했죠. 자동으로 할 건지 묻는 창이 뜨는데 ‘예’를 누르면 펌프 작동 소리와 함께 ‘자동’을 알리는 빨간불이 들어옵니다. 소중 학생기자단은 원격 조종에 신기해하며 모니터에서 눈을 떼지 못했어요. 수문 감시 시스템을 통해 모니터로 CCTV 영상을 보며 수문이 잘 열리고 닫혔는지 실시간 확인도 가능했죠. “자동화 시스템을 통해 집중호우 사전 대비가 편해졌어요. 미리 시설을 운영해보고 수시로 빠르게 정비할 수 있게 됐습니다.”                                                             이철희(왼쪽) 주임이 소중 학생기자단에게 모터 펌프를 수동으로 작동하는 법을 알려주고 있다.                                                          이 주임은 소중 학생기자단에게 침수 피해를 막기 위해 한 가지 당부를 했어요. “도로에 있는 그레이팅(하수구 뚜껑에 사용되는 철제 판)에 담배꽁초·나뭇잎·쓰레기 등 오물이 쌓여 있는 걸 본 적 있을 거예요. 비가 많이 오면 그 오물들이 하수관을 막아 역류를 일으키죠. 집중호우를 앞두고 그레이팅에 쌓인 오물을 청소하면 조금이나마 침수 피해를 막을 수 있어요.”           소중 학생기자단이 ""우리도 할 수 있겠다""며 목동빗물펌프장 내 신월빗물저류배수시설로 향했어요. 우리나라 최초의 대심도(大深度) 빗물저류배수시설(빗물터널)인 신월빗물저류배수시설은 양천구 신월동부터 목동빗물펌프장 유수지까지 이어집니다. 대심도 빗물터널은 지하 40~50m 아래에 큰 터널을 만들어 빗물을 저장하고 하천으로 방류하는 시설이에요. 신월빗물터널은 30만t의 빗물을 저장할 수 있는데, 지난 8월 8~9일 집중호우 당시 신월빗물터널을 빠져나간 빗물은 22만5728t이었어요. 이를 통해 양천구 침수 피해를 줄였죠.                                                                   신월빗물저류배수시설에 설치된 CCTV를 통해 관리자는 상황실에서 실시간 영상을 보며 내부 상황을 파악할 수 있다.                                                          서울시는 신월빗물터널이 없었으면 600세대가 침수됐을 것이라고 분석했어요. 서울시는 강남·관악·동작·서초구 등 한강 남쪽 일대가 집중호우로 인해 많은 피해를 보자 8월 10일 강남 등 6곳의 상습 침수 지역에 10년간 1조5000억원을 투입해 대심도 빗물터널을 건설한다고 밝혔어요. 안전 문제로 아쉽게도 소중 학생기자단은 신월빗물터널에 들어가진 못했지만 김명보 양천구청 치수과 배수시설팀 주무관이 시설에 대해 자세히 설명해줬죠.           신월빗물터널 상황실에서 승현 학생모델이 “신월빗물터널은 왜 만들어졌나요”라고 질문했어요. “2010년 9월, 집중호우로 강서·양천구 일대가 대규모 침수 피해를 입었어요. 이를 계기로 양천구 신월동부터 목동빗물펌프장 유수지까지 지하 40m, 본 터널 지름 10m(유도터널 지름 5.5m), 길이 4.7km의 우리나라 최초 빗물저류배수시설인 신월빗물터널 건설 사업이 추진됐죠. 2013년부터 7년간 공사했고, 시설 운영 후 강서·양천구 일대에 침수 피해가 단 한 건도 일어나지 않았어요.”                                                             지난 8월 집중호우 당시 빗물 22만5728t이 빠져나가 양천구 침수 피해를 줄인 신월빗물저류배수시설 모습.                                                          김 주무관의 설명을 듣던 지효 학생기자가 “터널 내부 구조와 빗물이 저장되고 빠져나가는 과정이 궁금해요”라고 질문했어요. “빗물은 하수구를 통해 유입되는데, 빗물터널은 하수구 아래의 하수구라고 생각하면 돼요. 신월빗물터널은 빗물이 유입될 수 있게 유도하는 유도터널, 빗물이 유입되는 수직구 3개소(저지수직구1·2와 고지수직구), 지하에 산소를 공급하고 가스를 배출하는 환기수직구, 터널을 관리하도록 사람이 내려갈 수 있는 유지관리수직구, 빗물이 유수지로 모이는 유출수직구 등으로 구성됐죠.”           양천구 신월동 하수관거(큰 하수도관)에 빗물이 50~70% 도달하면 저지수직구1·저지수직구2·고지수직구 수문이 가동되죠. 수문이 열리면 수직구를 통해 빗물이 유도터널을 따라 유입되고 목동빗물펌프장 유수지까지 와 안양천으로 나가요. 수문 개폐는 CCTV 등 영상 장비와 예측 시스템을 통해 평소엔 자동으로 운영되지만, 필요에 따라 수동으로도 작동합니다. “수문은 제어실에서 컨트롤 할 수 있어요. 0%에서 100%로 나눠서 수문 개방할 수 있지만 운영 기준은 항상 100%죠. 비가 오지 않으면 신월빗물터널은 운영되지 않지만, 관계자들이 유지·보수를 하고 있어요. 항상 대비해야 빗물터널도 차질없이 운영하고, 집중호우 피해도 막을 수 있으니까요.”           목동빗물펌프장과 신월빗물터널은 견학 등 일반에 공개된 시설은 아니에요. 그래서 목동빗물펌프장 옆에 위치한 목동재난체험관에 다양한 재난체험시설과 함께 신월빗물터널 홍보관이 마련돼 있죠. 이수정 목동재난체험관 교육팀 책임매니저가 소중 학생기자단에게 신월빗물터널 홍보관을 소개했어요. “빗물을 왜 땅속으로 보낼까요? 우리가 사는 지상에 홍수 등 침수 피해가 발생하면 안 되잖아요. 강서구·양천구 일대는 산도 있고 지대가 낮아 과거 침수 피해가 잦았어요. 그래서 집중호우에도 안전한 생활을 하기 위해 지하에 빗물터널을 만든 겁니다.”                                                             목동재난체험관 신월빗물저류배수시설 홍보관에서 신월빗물터널의 탄생과 운영 및 빗물 배수 과정을 확인할 수 있다.                                                          홍보관에서 신월빗물터널이 만들어진 이유와 만들어진 과정, 완성된 모습을 영상과 사진으로 확인할 수 있었어요. 신월빗물터널에 유입된 빗물이 안양천으로 빠져나가는 과정과 터널 내 시설 역할이 영상으로 소개돼 소중 학생기자단은 영상에 뜬 터널 내 수직구 버튼을 하나씩 눌러 빗물이 수직구를 통해 유입되고 안양천으로 빠져나가는 과정을 눈으로 확인했습니다. 이외에도 일본 가와사키에 있는 시부카와 우수 저류관, 일본 오사카에 위치한 키타하마 저류관, 일본의 수도 도쿄의 와다야요이 간선 등 해외 유사 시설 사례도 살펴봤죠.           2층에 오르면 목동빗물펌프장 펌프 시설을 위에서 한눈에 볼 수 있어요. 이 매니저가 마지막으로 소중 학생기자단에게 집중호우 피해를 대비할 수 있는 앱을 소개했죠. “빗물펌프장과 빗물터널이 집중호우 피해를 대비하듯 여러분도 앱을 통해 미리 집중호우 피해를 대비할 수 있어요. 행정안전부 ‘안전디딤돌’, 서울시 ‘서울안전’ 앱을 스마트폰에 설치해 집중호우 상황을 알 수 있죠.”     목동재난체험관 장소 서울 양천구 목동 915 목동재난체험관   이용 시간 월~금 오전 10시~오후 5시(토·일·공휴일 휴무)   이용 방법 홈페이지 사전 예약 (www.mokdongdstc.com)     이용 연령 6세~성인   이용료 무료          AI 앱으로 집중호우 피해 대비           보통 국민 대상 안전 서비스는 정부나 지자체가 보편적 안전 서비스로 제공합니다. 즉, 공급자 중심의 안전 서비스죠. 임산부·노약자 등 안전 취약성에 따라 사람마다 다른 수준의 위험을 가지는데, 개인에 맞춰 서비스를 제공하기에는 한계가 있어요. 이를 보완해 안전한 국민 생활을 도울 수 있도록 한국전자통신연구원(ETRI)이 앱 개발에 나섰습니다. 집중호우로 인한 침수 등 11종의 일상 속 각종 위험 정보를 알려주는 'K-가드' 앱이죠. 앱 개발에 참여한 김용운 ETRI 지능화융합연구소 책임연구원은 “K-가드는 일상에서 맞닥뜨릴 수 있는 안전 위험에 대해 미리 알려 대비할 수 있도록 해주는 스마트폰 앱 서비스”라고 설명했죠.           “한국인의 전통적 두레 공동체와 같이 ‘두레 안전 공동체’를 스마트폰을 통해 만들 수 있는 기술을 개발했어요. 안전 수단을 일상생활에서 항상 동반할 수 있어야 하는데, 그 수단이 바로 스마트폰이라 K-가드를 스마트폰 앱으로 만들게 됐죠. 수요자 중심으로 우리 스스로의 안전 공동체를 만드는 참여형 안전 서비스는 주변 위험을 사람들에게 알리고 개개인의 선호도나 안전 취약점에 맞춰 제공할 수 있어요.”                                                                   김용운(가운데) 책임연구원과 연구진이 침수 등 일상 속 각종 위험 정보를 알려주는 'K-가드‘ 앱에 대해 설명하고 있다.                                                    K-가드는 길을 가다가 위험을 발견했을 때 동네 주민들에게 제보하는 ‘참여형’, 위험 정보를 확인하지 않아도 위험한 곳 근처의 정보를 소리·음성·진동 등으로 미리 알려주는 ‘알림형’, 사용자 선호도와 안전 취약성에 맞춰 개인별로 다르게 제공하는 ‘맞춤형’, 위험 심각도를 분석하고 미래에 발생할 위험 상황을 예측해 제공하는 ‘지능형’, 서로의 안전 상태를 공유하는 ‘관계형’ 등 다섯 가지 특징이 있어요. 이를 통해 일상안전·대기안전·침수위험·치안안전·화재안전·유해물질안전·보건안전·독거인안전·실종사고·다중이용시설·경사지붕괴위험 등 11종의 알림 서비스를 제공할 예정입니다.           그중 ‘침수위험 알림 서비스’에 대해 알아볼까요. “집중호우와 관련해선 침수위험·실종사고·경사지붕괴위험 등의 알림 서비스가 있는데요. 지난 8월 서울에서 폭우로 시민이 맨홀에 실족해 인명피해가 발생한 적이 있어요. 그 상황을 먼저 발견한 시민이 위험 제보를 통해 맨홀에 실족 위험이 있다고 공유했다면 위험을 피할 수 있었을 거예요. K-가드가 실용화되면 이용자가 아는 위험 정보를 공유해 '침수위험' 알림 서비스로 피해를 줄일 수 있죠. 또한 시간당 강수량, 상습 침수지대, 과거 침수 흔적, 배수관 환경 등의 정보를 통해 시간대별 침수 상황을 예측하도록 합니다. K-가드는 주차 차량 위치도 등록하도록 해 사용자 현재 위치와 주차 차량 위치에서 침수 상황에 대비해 알림을 제공, 사전 대피하도록 하죠.”                                                             침수 위험 대피 알림을 위해서는 대상 지역의 침수 예측 모델이 필요하다. 필요한 데이터는 실증 서비스 등으로 수집한다.                                                          이러한 알림 서비스가 가능하기 위해 김 연구원은 “인공지능(AI) 기술이 핵심""이라고 말했어요. “앱 이용자들이 제보하는 침수 등 각종 위험 정보는 장소 사진과 간단한 설명으로 구성되는데, 이를 데이터화 하려면 위험 정보를 분석해야 하죠. 이용자가 제보한 정보가 어떤 종류의 위험인지, 얼마나 심각한 것인지, 누구에게 얼마나 위험한지 분석하는 데 AI 기술이 활용돼요. 예를 들어 같은 침수 위험 상황이라도 일반인·노약자·임산부 등 각자 상황에 따라 위험의 정도가 다를 수 있어요. 이용자에 맞춤 정보를 주기 위해 지능적 위험 분석이 필수죠.”           김 연구원은 K-가드가 상용화돼 집중호우 피해 대비에 큰 역할을 하기 위해선 실증 서비스 등을 통해 보완 개발이 필요하다고 했어요. “침수 위험 대피 알림을 위해선 대상 지역의 침수 예측 모델을 만들어야 하는데, 현재 실증 서비스 중인 대구시 서구 지역만 지원하고 있는 한계가 있어요. 집중호우 땐 맨홀 파손, 전선줄 감전, 담벼락 붕괴, 보행로 파손 등 다양한 위험 상황이 벌어지죠. 위험의 종류, 심각도, 사용자별 위험 파급 등을 분석하고 예측하기 위해서는 다양한 상황 데이터를 종합할 수 있어야 하죠. 이를 위해 더 많은 데이터를 수집하고 연계해야 합니다. 또한 위험 예측 정확도 개선을 위해 AI 기술을 활용한 보완 개발이 필요해요.”                                                             ‘K-가드’ 앱 메인 이미지(왼쪽 사진). 사용자가 실시간으로 침수 위험 알림을 받아 해당 위치와 현장 상황을 확인할 수 있도록 개발 중이다.                                                          K-가드는 지난 8월부터 3개월간 실증 서비스를 통해 활용성·안정성·신뢰성 등을 살피고 보완할 사항을 파악하고 있어요. 이후 개선 작업을 거쳐 내년에 보다 범위를 확대해 시범 서비스할 계획이죠. 김 연구원은 “이번 실증 서비스 대상으로 어린이를 포함한 가족, 임산부, 65세 이상 고령자, 시청각 장애인 등을 구성했어요. 이들로부터 사용자 편의성과 기능 보완에 대한 의견을 받아 고도화시켜 나갈 계획”이라며 “이런 과정을 거쳐 모든 국민이 쉽게 사용할 수 있도록 만들어 2024년 상용화에 착수할 수 있을 것으로 기대한다”고 말했어요.           사물인터넷(IoT) 맨홀 관제 솔루션으로 집중호우 피해 대비           정부와 지자체가 다양한 방법으로 집중호우 피해를 대비하고 있는 가운데, 기업들도 발 벗고 나서고 있어요. 조달청은 8월 23일부터 혁신제품 전용몰인 ‘혁신장터’에 등록된 폭우·폭염 피해예방 및 복구에 활용되는 혁신제품을 모아 기획전을 진행 중이죠. 최근 기후변화에 따른 폭우로 인한 인명·재산 피해예방과 회복에 필요한 혁신제품들을 모아 각 공공기관이 손쉽게 구매할 수 있도록 마련됐어요. 총 55개사 57개 혁신제품 중 폭우 관련 제품은 49개나 되죠.           소중 학생기자단은 그중 네이블커뮤니케이션즈의 ‘스마트 IoT 맨홀 관제 솔루션’에 대해 알아봤습니다. 경기도 성남시에 위치한 사무실에서 조상규 전략 2사업부 이사와 김종덕 ICT융합사업부 ICT개발업무 총괄 팀장이 반갑게 맞이했죠. 네이블커뮤니케이션은 2003년 1월 설립된 차세대 통신 솔루션 전문 기업으로, 이들이 개발한 스마트 IoT 맨홀 관제 솔루션은 2021년 특허권을 취득했고, 조달청 혁신제품으로 선정됐어요.                                                                   IoT 맨홀 뚜껑도 일반 맨홀 뚜껑처럼 안전을 위해 강한 충격에도 견딜 수 있는지 시험한다.                                                    승현 학생모델이 “IoT란 말이 생소한데 무슨 뜻인가요?”라고 질문했어요. “냉장고를 예로 들죠. 냉장고 문을 열어야 내용물을 알던 예전과 달리, 요즘 나오는 냉장고는 인터넷이 연결돼 문을 열지 않아도 스마트폰이나 냉장고 터치스크린 등으로 내용물을 확인할 수 있죠. 바로 IoT(Internet of Things·사물인터넷) 덕분이에요. IoT는 사물에 정보통신기술을 사용해 실시간으로 데이터를 인터넷으로 주고받는 기술을 말하죠. 냉장고처럼 IoT를 맨홀 뚜껑에 접목해 맨홀 뚜껑 내·외부에 이상이 있는지 직접 확인하러 가지 않아도 정보를 얻을 수 있게 한 겁니다.”(조)           “스마트 IoT 맨홀 관제 솔루션을 왜 만들었나요?” 지효 학생기자가 궁금해했어요. “맨홀 관련 인명사고 발생이 많아지고 있어 맨홀시설물 관리체계를 보완하고 안전을 위해 선제적 조치가 필요했죠. 저희 회사의 특성을 살려 IoT 기술을 활용한 맨홀 모니터링으로 시설물 관리를 효율적으로 하고 인명사고도 예방하려고 솔루션을 만들었어요. 이를 적용해 맨홀 뚜껑 개폐 여부 감지로 뚜껑 개방과 유실로 인한 사고 예방, 맨홀 시설물의 상태 확인을 통한 위험 모니터링 및 긴급 알람으로 작업자들의 안전사고 예방과 선제적 유지·보수가 가능하죠.”(김)                                                                   소중 학생기자단에게 IoT 맨홀 뚜껑 작동 원리를 알려주고 있는 김종덕(오른쪽) 팀장.                                                    소중 학생기자단은 실제 120kg 무게의 IoT 맨홀 뚜껑과 모형 IoT 맨홀 뚜껑, 안테나가 연결된 통신 디바이스, 센서 디바이스에 눈길을 돌렸어요. 맨홀 뚜껑은 무거워서 들지는 못하고 처음으로 만져볼 수 있었죠. 연우 학생기자가 “센서와 통신 디바이스는 어떻게 사용되나요?”라고 묻자 김 팀장이 대답했죠. “센서 디바이스는 환경 모니터링을 위해 5종을 개발했는데, 맨홀 뚜껑과 내부의 정보를 수집하는데 중요한 역할을 해요. 각 맨홀의 특성에 맞게 맨홀 뚜껑 아래 벽에 설치해 맨홀 뚜껑 개폐 여부, 수위 계측을 통한 맨홀 침수 상태, 맨홀 내 산소·유독가스 농도, 화재·동파 등 위험 요소를 감시하죠. 전력 소비량을 줄이기 위해 블루투스 LE(Bluetooth Low Energy)를 활용해 정보를 얻어요.”           안테나가 연결된 통신 디바이스는 센서 디바이스가 확보한 정보를 관제 센터에 원활하게 전달합니다. 맨홀 뚜껑 내부 공간에 통신 디바이스를 넣어 외부 충격으로부터 보호하죠. 센서 디바이스 배터리는 5년 정도 쓸 수 있는데 통신 디바이스를 통해 전달된 정보로 배터리 등 센서 디바이스의 상황도 알 수 있죠. “센서 디바이스가 전송한 정보는 관제 센터가 받아요. 기업·지자체 등 대외 관제 센터 시스템 연계 시 웹으로 센서와 통신 상태, 맨홀 뚜껑 개폐, 화재 감지 등의 정보를 실시간 모니터링 할 수 있고 위험 상황 시 긴급 알림을 스마트폰으로 받아 신속한 조치가 가능해요. 정보를 얻은 기업·지자체 관리자는 재난문자 등으로 문제가 있는 맨홀의 인근 주민에게 위험 상황을 고지할 수 있어요.”(김)                                                             네이블커뮤니케이션즈의 IoT 맨홀 뚜껑과 통신·센서 디바이스에 대해 알아본 홍승현 학생모델·오지효·서연우(왼쪽부터) 학생기자.                                                          현재 스마트 IoT 맨홀 관제 솔루션은 경기도 성남시 중원구(40개), 광주 남구(100개), 충남 홍성군(72개), 부산환경공단(30개) 등 총 242개소에 설치, 시범사업에 적용됐어요. “여러 사업을 통해 맨홀 내부의 침수와 뚜껑 개폐 여부를 빠르게 확인해, 솔루션을 이용하는 곳의 안정적인 운영을 도왔죠. 지난 8월 집중호우, 9월 제11호 태풍 힌남노 때도 이 솔루션이 사용된 맨홀 뚜껑이 강제로 열리는 문제는 없었답니다.”(조) 소중 학생기자단은 “IoT 맨홀 뚜껑이 앞으로도 침수 피해를 예방하는데 잘 쓰였으면 좋겠어요”라고 입을 모았죠.           자동 시스템으로 운영 가능한 빗물펌프장과 빗물터널, 침수 피해 정보를 실시간으로 알려주는 앱, 사고를 방지하는 IoT 맨홀 뚜껑. 기후변화에 집중호우 피해는 갈수록 심해지고 잦아지지만, 그만큼 이를 막는 스마트한 대비책도 늘어나고 있어요. 앞으로 집중호우 피해를 막기 위해 어떤 스마트한 아이디어가 나올지도 기대가 됩니다.           집중호우 피해 대비를 위한 스마트 제품 기후변화에 따른 폭우로 인한 인명·재산 피해예방과 회복에 활용하기 위해 조달청은 다양한 혁신제품을 모았습니다. 그중에서도 AI·IoT 등 첨단 기술로 폭우 피해예방 및 복구에 활용되는 혁신제품에 대해 알아봤어요.                                   대한센서 주식회사 ‘레이더 수위계’                          레이더 이용해 수위 정밀 측정 ‘레이더 수위계’       폭우로 하천 등의 수위가 상승하면 여러 피해가 생길 수 있다. 변하는 수위를 빠르게 파악해 피해를 줄이기 위한 레이더 수위계다. 레이더를 이용해 비접촉방식으로 거리 또는 높이를 측정하는 센서를 수처리장·댐·연료탱크·식품탱크 등의 벽이나 내부에 부착해 수위를 측정한다. 특정 주파수 밴드의 레이더를 송신하고, 측정 대상에서 반사돼 돌아오는 레이더를 수신해 각각 레이더의 주파수 차이로 센서와 거리를 1mm까지 정밀하게 측정한다. 센서 내부에 블루투스 기능이 내장돼 'DHS RC' 앱 사용을 허가 받은 이용자는 근거리에서 앱으로 센서 설정 변경, 모니터링, 원격 리셋할 수 있다. 한국서부발전 태안·평택발전본부에서 해수면 수위 측정에 사용 중이다. 대한센서 주식회사                               테크나인(주) ‘지능형 무선 위험 감지 시스템’                              IoT로 산사태 대비 ‘지능형 무선 위험 감지 시스템’       많은 비로 산사태·낙석 등이 일어날 수 있는 공사장·산비탈 등 위험 지역에 감지장치를 설치하고, 사용자가 입력한 위험 값에 반응해 충격발생 시 땅의 기울기 정보, 사진, 문자 등을 무선으로 실시간 전송하는 시스템이다. 전기·인터넷 사용이 어려운 지역에서도 태양열 패널을 통해 배터리 충전하고, IoT 전용 저전력네트워크(LPWAN)를 적용해 무선으로 다양한 데이터를 전송한다. 관리자는 실시간으로 기울기 변화, 위치 정보, 현장 사진, 배터리 상태, 측정 시간 등을 스마트폰·PC로 확인, 신속한 대응으로 골든타임을 최소화해 피해를 줄이고 축적된 데이터를 학습해 상황 예측을 할 수 있다. 일반인에게 위험 상황 알림도 가능하다. 현재 경북 고령군 관내 위험경사면에 40여 기가 운용 중이다. 테크나인(주)                               (주)위플랫 ‘지능형 누수관리 시스템’                              AI·클라우드로 누수 관리 ‘지능형 누수관리 시스템’       집중호우로 지하 시설물·관로·수도미터 등에 누수가 발생하면 전문 인력이 투입되는데, 해당 업무를 일반인도 가능하게 한 시스템이다. 누수가 의심되는 곳에서 IIoT(Industrial Internet of Things·산업 사물인터넷) 장비와 스마트폰으로 누수음 수집 후 시스템 클라우드 서버로 전송하면 인공지능(AI) 알고리즘이 데이터를 분석해 누수 위치를 지도에 표시해 준다. 0.1초 수압을 측정·분석해 누수 원인이 되는 수충압 분석이 가능하고 미세 누수음 주파수 강도 분석을 통해 누수량도 추정한다. 관리자는 관련 정보를 'Nelow' 앱(안드로이드)으로 확인·조치할 수 있다. 2021년 전북 완주군, 경남 거제시, 경북 울릉·영덕군에 서비스를 시작했고, 영덕군에선 40건 이상 누수를 잡아냈다. (주)위플랫                               (주)코위드원 ‘싱크트리시스템’                              AR기술로 싱크홀 예방 ‘싱크트리시스템’       상·하수도관 파손에 의한 싱크홀(지반 침하)을 초기에 감지, 사고를 예방하는 시스템이다. 하수관 이음부에 설치한 싱크볼(감지센서)이 동공 발생을 감지하면 하수관 상단에 있는 싱크트리(원격감지장치)가 내장 모뎀을 통해 실시간으로 정확한 위치와 상황 등을 중앙 관제실과 관리자(관공서·작업자 등)에게 제공해 빠르게 조치를 취할 수 있다. 관리자에게 제공되는 언더시티 솔루션(웹·PC·모바일 앱)에 정보가 취합되며 실시간 위치와 원하는 하수관의 정보 확인 및 편집이 가능하다. 또 AR(Augmented Reality·증강현실) 기능이 있는 앱으로 현장 상황을 볼 수 있다. 일반인은 관리자가 보내는 알림 문자나 원격감지장치에 설치된 LED 위험 신호로 사고를 피할 수 있다. (주)코위드원    학생기자단 취재 후기 제 꿈이 과학자여서 이번 취재가 매우 기대됐어요. 목동빗물펌프장에서 다양한 장비를 봤는데 컴퓨터로 모든 장치를 관리할 수 있다는 게 인상 깊었죠. 집중호우 때 하수가 역류할 수 있다는 사실을 듣고 하수구에 쓰레기를 함부로 버리면 안 된다는 것을 다시 한 번 느꼈어요. 소중 친구들도 쓰레기는 꼭 쓰레기통에 버려주세요. 네이블커뮤니케이션즈에서는 IoT를 맨홀 뚜껑에 사용한다는 것이 놀라웠어요. 앞으로 IoT 맨홀 뚜껑이 더욱 발전해서 맨홀 관련 인명 사고가 더 이상 발생하지 않으면 좋겠어요.       서연우(서울 월계초 5) 학생기자       취재를 가기 전 목동빗물펌프장과 신월빗물저류배수시설에 어떻게 그 많은 빗물을 저장할 수 있을지 궁금했어요. 실제로 가보니 규모가 어마어마해서 깜짝 놀랐답니다. 빗물펌프장과 빗물터널에 모인 빗물이 안양천으로 내보내지는 과정을 보며 우리나라 기술 발전에 또 한 번 놀랐어요. 네이블커뮤니케이션즈의 스마트 IoT 맨홀 관제 솔루션을 통해 맨홀 뚜껑 안과 밖의 상황을 원격으로 확인하고 감시해 사고를 대비한다는 점이 신기했습니다. 앞으로 맨홀 뚜껑이 열려 사람이 다치는 일이 발생하지 않았으면 좋겠어요. 이번 취재로 발전하는 기술이 집중호우 대비에 큰 역할을 하고 있다는 걸 깨닫게 됐습니다.       오지효(경기도 이매중 1) 학생기자       집중호우 피해 소식에 자연재해가 얼마나 무서운 일인지 깨닫고 속상했어요. 비록 비나 태풍이 오는 것은 막을 수 없지만, 최첨단 장비와 기술로 피해를 대비할 수 있다는 소식은 반가웠죠. 비가 많이 오면 빗물터널에 빗물을 저장하고, 빗물펌프장을 거쳐 천으로 빗물을 빼내는 과정을 통해 침수 피해를 줄일 수 있다는 걸 알게 됐어요. 뚜껑이 열려있어 생기는 맨홀 사고에 대비해 IoT로 맨홀 뚜껑의 개폐를 확인하면서 인명 피해를 막거나 줄일 수도 있다는 특별한 과학기술을 이번 취재를 통해 배울 수 있었습니다. 앞으로 만일의 집중호우 사태를 대비해 시설을 개선하고 기계들도 정비해 재난 대비가 더욱 잘 됐으면 하는 바람입니다.       홍승현(경기도 불곡초 5) 학생모델  ",https://www.joongang.co.kr/article/25102603,https://n.news.naver.com/mnews/article/025/0003224558?sid=102,"<b>기획재정부</b>는 8월 30일 발표한 2023년 예산안에 수해 등 재난 대응 관련 예산을 7조3000억원으로 1조원가량 늘렸죠. 정부는 <b>인공지능</b>(AI) 홍수 예보 플랫폼과 한강 유역 침수 위험지도 제작 등 스마트 예보 체계 구축, 국가... "
기획재정부 통계청 인공지능,"Sun, 16 Oct 2022 12:46:00 +0900",정부부처 주간일정 및 보도계획(17~21일),"중남미 3개국을 순방중인 한덕수 국무총리가 14일(현지시간) 아르헨티나 부에노스아이레스에서 수행기자들과 간담회를 하며 발언하고 있다사진제공=국무총리실━◆국무총리실━17일(월) *일정없음  18일(화) *한덕수 국무총리, 국무회의(오전10시, 세종청사) *한덕수 국무총리, 출입기자단 백브리핑(오전11시, 세종청사)  19일(수) *한덕수 국무총리, 아시아경제 여성리더스포럼(오전9시, 롯데호텔) *한덕수 국무총리, 동아일보 리스타트 잡페어(오전11시, 광화문광장) *한덕수 국무총리, 현대자동차 남양연구소 방문(오후3시, 화성)  20일(목) *한덕수 국무총리, 뉴시스 창사 21주년 기념포럼(오전9시, 포시즌스호텔) *한덕수 국무총리, 탄소중립·녹색성장 국제 컨퍼런스(오전10시, 프레지던트호텔) *한덕수 국무총리, 국정현안관계장관회의(오후4시30분, 서울청사)  21일(금) *한덕수 국무총리, 차관급 임명장 수여식(오전11시, 서울청사) *한덕수 국무총리, 세계경제포럼 국가전략대화(오후5시, 서울청사)━◆기획재정부━17일(월)*추경호 부총리, 경제 규제혁신 TF(오전 8시, 서울청사)*추경호 부총리, 확대간부회의(오후 2시, 세종청사)*방기선 1차관, 경제 규제혁신 TF(오전 8시, 서울청사)*방기선 1차관, 확대간부회의(오후 2시, 세종청사)*최상대 2차관, 공공기관운영위원회(오전 10시)*최상대 2차관, 확대간부회의(오후 2시, 서울청사)*제3차 경제 규제혁신 TF 개최(오전)*공공기관 혁신계획 예산효율화·복리후생 개선 계획 확정(오전)18일(화)*추경호 부총리, 국무회의(오전10시, 서울청사)*추경호 부총리, 소재부품장비 경쟁력강화위원회(오후2시, 서울청사)*통계청, ILO 공조 「제8차 국제노동이동통계 워크숍」개최(오후)*소재·부품·장비 경쟁력강화위원회 개최(오후)*30년 국채선물 도입 간담회 개최(오후)19일(수)*방기선 1차관, 외국계 투자기관 간담회(오후 4시30분)*최상대 2차관, 지역 현장방문(오전 10시30분)*2022년 상반기 지역별고용조사 취업자의 산업 및 직업별 특성(오전)*2022년도 제2차 국세물납증권 매각 예정가격 결정(오후)*최상대 제2차관, 장병복지 현황점검 및 지방 거점도시 현장방문(오후)*외국계 투자기관 간담회 개최(오후)20일(목)*방기선 1차관, 외환건전성협의회(오전 7시30분)*최상대 2차관, 차관회의(오전 10시, 서울청사)*KDI국제정책대학원, K-Developedia 구축 10주년 기념 학술대회 개최(오전)21일(금)*추경호 부총리, 국정감사(오전 10시, 국회)*방기선 1차관, 국정감사(오전 10시, 국회)*최상대 2차관, 국정감사(오전 10시, 국회)*장래가구추계(시도편) :2020～2050년(오전)*2022년 34분기 가축동향조사 결과(오전)*KDI, 2022 글로벌 포럼 개최(오전)*제34차 녹색기후기금(GCF) 이사회 개최 결과(오전)━◆산업통상자원부━17일(월)*이창양 산업부 장관, 직원조회(오전9시50분, 세종청사)*이창양 산업부 장관, 사우디투자부 장관 화상면담(오후5시, 세종청사)*안덕근 통상교섭본부장, 직원조회(오전9시50분, 세종청사)*안덕근 통상교섭본부장, 美오리건 주지사 면담(오후5시, 대한상의)*장영진 산업부 1차관, 경제규제혁신TF(오전8시, 세종청사)*장영진 산업부 1차관, 직원조회(오전9시50분, 세종청사)*장영진 산업부 1차관, 지방시대 세미나(오후2시, 의원회관)*박일준 산업부 2차관, 직원조회(오전9시50분, 세종청사)*장관, 사우디 투자부 장관과 산업 투자 확대 방안 논의(오후)*혁신형 소형모듈원자로(i-SMR) 기술개발사업 사업단장 선정 절차 돌입18일(화)*이창양 산업부 장관, 국무회의(오전10시, 서울청사)*이창양 산업부 장관, 소부장 경쟁력위원회(오후2시, 서울청사)*안덕근 통상교섭본부장, 국무회의(오전10시)*장영진 산업부 1차관, 한국산업대전(오전10시30분, 킨텍스)*장영진 산업부 1차관, 한국공기과학시험연구원 개원식(오후2시, 청라)*박일준 산업부 2차관, 국감 현장시찰(오전11시20분, 경주)*""공공기관 에너지 다이어트 10"" 18일부터 시행(오전)*2022 한국산업대전 개막식 개최(오전)*유럽 원자재법 제정 동향 관련 간담회 개최(오전)*「전기안전관리법」일부개정법률안 공포(오전)*제10차 소재부품장비 경쟁력강화위원회 개최(오전)*한국공기과학시험연구원 개원식(오후)*한-필리핀, 핵심 공급망 및 에너지, 친환경자동차 협력 강화(오후)*네덜란드 외교부 경제통상차관보 면담(오후)*국제유가 상승요인 및 국내 석유시장 영향 점검(오후)*하반기 통상지원 통합설명회 개최(오후)*전기차 충전설비 안전관리 제도개선을 위한 산업계 간담회 개최(오후)*제10차 경제자유구역 혁신추진협의회 개최(오후)19일(수)*이창양 산업부 장관, KEEP30 협약식(오전10시, 롯데호텔)*장영진 산업부 1차관, 비상장관경제회의(오전10시, 서울청사)*장영진 산업부 1차관, 현대차 남양연구소 현장방문(오후3시, 화성)*제10차 경제자유구역 혁신추진협의회 개최(오전)*조선산업 경쟁력 강화와 체질 개선을 위한 「조선산업 초격차 확보전략」 발표(오전)*충북혁신도시 도시첨단산업단지에 에너지융복합 특화 산학융합지구 개소 (오전)*美 IRA 주요 인센티브 활용을 위한 설명회 개최(오후)*충청권 지역투자 헬프데스크 간담회 개최(오후)*에너지복지 지원현장 방문(오후)*기업현장 목소리 청취를 통한 수출 활력 제고(오후)*2030부산세계박람회 유치위원회, 기업과 함께 해외 주요 랜드 마크에 홍보 영상 송출20일(목)이창양 산업부 장관, 현안조정회의(오후4시30분, 서울청사)*안덕근 통상교섭본부장, 한미 재계회의(오전11시30분, 전경련)*안덕근 통상교섭본부장, 오만 외교부차관 면담(오후3시, 롯데호텔)*장영진 산업부 1차관, 세계프랜차이즈협회 서울총회(오전9시, 코엑스)*장영진 산업부 1차관, 산단안전 결의대회(오후2시, 반월시화산단)*박일준 산업부 2차관, 차관회의(오전10시, 서울청사)*수소연료전지 기술 국제표준화 전략 한국에서 논의(오전)*한-오만, 에너지 인프라 협력 및 투자 확대 강화(오후)*원전 기자재 수출 활성화 방안 모색(오후)*산단안전 특별안전점검 및 유관기관 MOU 체결(오후)*속눈썹 열 성형기, 완구 등 제품 리콜명령*제429차 무역위원회, 임플란트 개질기 조사개시 및 TV수상기 기술설명회 개최21일(금)이창양 산업부 장관, 종합국정감사(오전10시, 국회)*안덕근 통상교섭본부장, 종합국정감사(오전10시, 국회)*장영진 산업부 1차관, 종합국정감사(오전10시, 국회)*박일준 산업부 2차관, 정합국정감사(오전10시, 국회)*2022년 전기안전관리업무의 부실방지와 전기사고 예방을 위한 실태조사 실시(오전)━◆중소벤처기업부━17일(월)*이영 중기부 장관,경제규제혁신TF회의(오전8시,세종청사)18일(화)*이영 중기부 장관,국무회의(오전10시,서울청사)*이영 중기부 장관, COMEUP 기자브리핑(오전11시30분, 마루180 이벤트홀)*이영 중기부 장관, 소부장 경쟁력 강화위원회(오후2시,서울청사)* '컴업 2022'의 시작을 알리는 기자브리핑 개최(오후12시,마루180 이벤트홀)*제23회 중소기업 기술혁신대전, 온-오프라인 개최(오전)19일(수)*2022 규제자유특구 챌린지 사전투표 시작(오전)*조주현 중기부 차관, 자동차 부품 중소기업 경쟁력 제고 협약 체결(오후3시,현대차·기아 기술연구소(화성))*현대차그룹과 자동차 부품 중소기업 경쟁력 제고를 위한 동반성장 협약 체결(오후4시30분)20일(목)*이영 중기부 장관, '초격차 스타트업 1000+ 프로젝트' 발표(오전11시,서울창조경제혁신센터 대회의실)*이영 중기부 장관, 중소기업 기술혁신대전(오후2시,코엑스 컨퍼런스룸 특설무대)*이영 중기부 장관, 국정현안관계장관회의(오후4시30분,서울청사)*조주현 중기부 차관, 차관회의(오전10시,서울청사)*2023년도 중소기업인대회 중소기업 유공자 포상 접수(오전)*신산업 유망 스타트업 1천개사, 초격차 스타트업으로 육성한다(오후)21일(금)*일정 없음━◆고용노동부━17일(월)*이정식 고용부 장관, 국제기능올림픽 폐회식(오후4시, 경기 고양시)*K-디지털 기초역량훈련 훈련 인원 3만명 돌파(오전)*미래노동시장 연구회 논의상황 브리핑(오전10시30분)18일(화)*이정식 고용부 장관, 국무회의(오전10시, 정부서울청사)*이정식 고용부 장관, 주한 미국기업 간담회(낮12시, 서울)*권기섭 고용부 차관, 조선업 격차해소 및 구조개선 대책 발표 사전브리핑(오전10시, 정부세종청사)*산업안전보건기준에 관한 규칙 개정·공포(오전)*주한 미국기업(AMCHAM) 간담회(오전)19일(수)*이정식 고용부 장관, 비상경제장관회의(오전10시, 정부서울청사)*이정식 고용부 장관, 조선업 재도약을 위한 상행협력 공동선언(오후2시, 서울)*조선업 격차해소 및 구조개선 대책 발표(오전)20일(목)*권기섭 고용부 차관, 차관회의(오전10시, 정부서울청사)*권기섭 고용부 차관, 중대재해감축 로드맵 토론회(오후2시30분, 서울)*중대재해 감축 로드맵 수립을 위한 토론회(오후)21일(금)*이정식 고용부 장관, 코로나19 중대본 회의(오전 8시30분, 정부서울청사)*권기섭 고용부 차관, 외국인력정책위원회 실무회의(오전10시, 서울)*제5차 근로복지증진 기본계획 수립(오전)━◆환경부━17일(월)*한화진 장관, 월례조회(오전10시, 세종)*탐지견으로 야생멧돼지 폐사체 찾는다*전북지역 실내라돈조사 착수*홍수정보, 디지털트윈 구현을 위해 관계기관 한자리에*낙동강 수계 총유기탄소(TOC) 총량관리 시범사업 추진*2022년 화학안전정책포럼 열린대화 개최18일(화)*한화진 장관, 국무회의(오전10시, 세종)*무공해차 보급 확대, 공공부문이 앞장선다19일(수)*폐지 적체 대비공공비축 등 재활용시장 안정화 추진20일(목)*한화진 장관, 국정현안점검조정회의(오후4시30분, 서울)*유제철 차관, 차관회의(오전10시, 서울)*탄소중립?녹색성장국제 컨퍼런스 개최*빈틈없는 플라스틱관리체계 확립,전 주기 탈플라스틱 대책 마련21일(금)*한화진 장관, 국정감사(오전10시, 서울)*유제철 차관, 국정감사(오전10시, 서울)━◆농림축산식품부━17일(월)*정황근 장관, 국장회의(오전9시, 세종)*정황근 장관, 고위공직자 대상 청렴교육(오후4시, 세종)*김인중 차관, 국장회의(오전9시, 세종)*김인중 차관, 쌀 수급 설명회(오후2시, 청주)*김인중 차관, 고위공직자 대상 청렴교육(오후4시, 세종)*제1회 여성농업인의 날 행사 개최(오전)*노루궁뎅이버섯, 노령견 노화 지연과 건강 개선 효과(오전)18일(화)*정황근 장관, 여성농업인날 행사(오전11시, 서울)*김인중 차관, 국무회의(오전10시, 세종)*농업분야 최고의 장인 21명, 농업마이스터로 지정(오전)*농관원, 베트남에 농산물 안전관리 기술 전수(오후)*가축분 바이오차 생산 시연회 개최(오후)19일(수)*정황근 장관, 쌀 가공업체 현장방문(오후2시, 홍성)*김인중 차관, 쌀 수급 설명회(오후2시, 무안)*'22년 농촌 교육?문화?복지지원사업 우수사례집 발간(오전)*'22년 10월 이달의 농촌융복합산업인(人)선정결과(오전)*2022 한국 생물안전 콘퍼런스 개최(오전)*농식품부장관, 쌀 가공업체 현장 방문(오후)20일(목)*정황근 장관, 종합국감(오전10시, 국회)*김인중 차관, 종합국감(오전10시, 국회)*가축분뇨 액비, 시설원예·과수원에 사용 가능해진다. (오전)21일(금)*일정없음━◆해양수산부━17일(월)*제3회 불법어업 대응역량 강화 워크숍 개최(오전)18일(화)*조승환 장관, 국문회의(오전10시, 서울)*제7회 한국관상어산업 박람회 개최(오전)19일(수)*조승환 장관, 한국 관상어 산업 박람회(오전10시20분, 시흥)* 수산물 물가안정을 위해 수산물 4,541톤 공급 나서(오전)*2022년 바다가꿈 우수사례 경진대회 개최(오전)*광양항 수역시설의 안정적 정비를 위한 발판 마련(오전)20일(목)*송상근 차관, 차관회의(오전10시, 세종)*해수부, 개도국 해양역량 강화 돕는다(오전)*동절기 어선사고 예방 관계기관 합동 안전점검 실시(오전)*해양수산분야 안전대전환 집중안전점검 실시 완료(오전)21일(금)*조승환 장관, 국정감사(오전10시, 국회)*송상근 차관, 국정감사(오전10시, 국회)━◆공정거래위원회━17일(월)*한기정 위원장, 경제규제개혁 TF 회의(오전 8시, 서울청사)*한기정 위원장, 간부회의(오후 3시, 대회의실)*윤수현 부위원장, 간부회의(오후 3시, 대회의실)*부당한 지원행위의 심사지침 개정안 행정예고(오전)*기업결합 심사기준·신고요령 개정안 행정예고(오전)*전자상거래 등 임시중지명령 조치(오전)18일(화)*한기정 위원장, 국무회의(오전 10시, 세종청사)*온라인 공정거래 교육센터 정식 개통(오전)*냉장고 비교정보 생산 결과(오전)19일(수)*2022년도 하도급 모범업체 선정 결과 발표(오전)20일(목)*윤수현 부위원장, 차관회의(오전 10시, 세종청사)*사건 통보 가이드라인 제정(오전)21일(금)*한기정 위원장, 종합국감(오전 10시, 국회)*윤수현 부위원장, 종합국감(오전 10시, 국회)*신고포상금 고시 개정안 행정예고(오전)━◆한국은행━17일(월)*인공지능 언어모형을 이용한 인플레이션 어조지수 개발 및 시사점(BOK이슈노트 2022-38)(오전)18일(화)*「화폐유통시스템 유관기관 협의회」발족회의 개최 결과(오전)*한국은행, 국회사무처와 교육 및 인사교류 협력에 관한 협약(MOU) 체결(오전)*우리나라 은행의 예대금리차 변동요인 분석 및 시사점(BOK이슈노트 2022-39)(오전)*2022년 8월 통화 및 유동성(오전)19일(수)*향후 수출 여건 점검 및 경상수지 평가(BOK이슈노트 2022-40)(오전)*2021년 연간 기업경영분석 결과(오전)20일(목)*향후 재화, 서비스, 해외소비의 회복경로 점검(BOK이슈노트 2022-41)(오전)*최근 신용채권시장 상황 평가: 신용스프레드 확대요인을 중심으로(BOK이슈노트 2022-42)(오전)21일(금)*2022년 9월 생산자물가지수(오전)",http://news.mt.co.kr/mtview.php?no=2022101609112834871,https://n.news.naver.com/mnews/article/008/0004806183?sid=101,"서울청사) ◆<b>기획재정부</b> 17일(월) *추경호 부총리, 경제 규제혁신 TF(오전 8시, 서울청사) *추경호 부총리... (월) *<b>인공지능</b> 언어모형을 이용한 인플레이션 어조지수 개발 및 시사점(BOK이슈노트 2022-38)(오전) 18일(화)... "
기획재정부 통계청 인공지능,"Sun, 25 Sep 2022 15:01:00 +0900","[데스크가 만났습니다] 한훈 <b>통계청</b>장 &quot;데이터 기반 의사결정, 융합 활용 필수...","통계청이 데이터 허브 플랫폼을 꿈꾸고 있다. 빅데이터를 활용해 시의성 있는 통계를 제공하고, 다른 부처는 물론 민간과 연계해 유용한 데이터를 발굴하고 있다.기획재정부 출신인 한훈 청장은 스스로를 '통계 헤비 유저'라고 표현했다. 이전에는 통계 수요자로 각종 통계를 활용해 정책 의사결정을 했다면 이제는 생산자 입장에서 통계를 들여다보게 됐다.한 청장은 사회변화와 불확실성이 증가하는 현대 사회에서 중앙정부와 지방자치단체, 개인과 기업의 증거 기반 의사결정을 뒷받침할 수 있는 통계데이터를 제공하는 게 중요하다고 강조했다. 디지털플랫폼 정부 구축을 위해 데이터 허브 플랫폼을 마련하고 이용자가 만족할 때까지 통계 데이터 서비스를 강화하겠다고 강조했다. 통계청 본연의 업무인 통계 생산 과정을 효율화하는 노력도 병행해야 한다고 봤다.한훈 통계청장(오른쪽)과 길재식 디지털금융부장이 만나 이야기를 나누고 있다.대담=길재식 디지털금융부 부장-통계청은 수많은 통계를 생산·관리한다. 통계를 정책에 더 효과적으로 활용할 수 있도록 어떤 방법을 고민하고 있나.▲국가통계는 각종 의사결정을 합리적으로 수행하기 위한 공공자원으로 정확성, 일관성, 중립성 확보가 무엇보다 중요하다고 생각한다. 통계청은 통계 수요자가 과학적 의사결정을 할 수 있도록 정확하고 중립적인 통계 작성에 집중할 계획이다. 과학적인 표본 설계, 정기·수시 품질진단과 같은 과정을 관리해 고품질 국가통계 데이터로 증거 기반 정책 수립을 뒷받침 하겠다.현대 사회는 빠르게 변화하고 불확실성도 커지고 있다. 그만큼 국가통계를 다양하게 확대해 과학적인 국가운영을 뒷받침해야 한다. 고용, 물가, 소득처럼 국민 생활과 직결되는 정부정책을 마련할 때 골든타임을 놓치지 않도록 속보성 지표 작성에 속도를 내고 있다. 실제로 통계청은 통신모바일 데이터와 신용카드 이용내역과 같은 빅데이터를 기반으로 실험적 통계를 작성해 신속한 의사결정을 지원하고 있다.또 통계와 데이터를 함께 다루는 나라가 많다. 경제협력개발기구(OECD)도 통계데이터국을 두고 있다. 통계청은 숫자로 돼 있는 데이터는 저희 영역이라는 생각으로 칸막이를 없애고 공유하겠다. 디지털플랫폼정부위원회에 적극 참여하면서 모범사례를 만들겠다.-과학적 의사결정을 위한 데이터가 중요해지면서 통계청에도 새로운 통계 수요가 많아질 것 같다.▲새로운 통계수요에 대응하기 위해 각종 공공과 민간 데이터를 연계하고 결합할 수 있는 통계등록부를 확충하고 있다. 예를 들어 아동통계등록부 외에도 청년등록부를 구축해 저출산, 인구감소 등 인구정책 수립을 지원할 예정이다. 포괄적 연금통계, 가계부채통계 개발을 조기 완성하고 연령·가구별 물가지수 등 현실을 반영한 지표 작성도 확대할 계획이다.속보성 지표는 트렌드를 바로바로 볼 수 있다. 예를 들어 신용카드 매출정보는 소비 트렌드가 반영된다. 신용카드 매출은 경제 성장과 카드 사용 증가에 따라 10%씩 늘어나는 게 보통인데 15%가 늘었다면 경기가 좋아졌다는 판단을 할 수 있다. 또 다른 주요 통계인 산업활동동향의 경우 한 달 전을 보는 거다. 오는 30일에 나오는 산업활동동향은 8월 지표다. 요즘은 금리가 빅스텝이다 자이언트스텝이다 하며 하루하루가 변하는데 지난달이 아닌 지난주를 보기 위해서는 속보 지표가 필요하다.물가 통계 개선에 대한 요구가 지속되는 것도 비슷한 맥락이다. 통계청은 물가동향의 현실 반영도를 높이기 위해 배달비 조사방식 개선, 연령·가구 특성별 물가지수 작성 등 새로운 지표 개발을 검토하고 있다. 논란이 되고 있는 배달비는 소비대상과 결합해 지출되는 특성을 고려해 외식가격에 포함해 조사하고 있다. 하지만 산업의 급속한 변화에 따라 배달비 품목의 별도 분리를 검토하는 등 조사방식 개선도 추진하고 있다.소비자물가도 국민 개개인이 소비하는 바구니 차이로 체감도가 다르다. 이를 해소하기 위해 조사품목별 가중치 조정 등으로 연령대별·가구특성별 현실 반영지표 작성을 검토하고 있다. 다음 달 중 내부에서 실험적으로 확인해본 후 내외부 전문가 의견수렴, 국가통계위원회 보고를 거쳐 공표계획을 마련하겠다.-인구구조 변화, 고령화 등 사회 변화로 인해 정확한 통계의 필요성이 커졌다.▲초고령 시대에는 노령층의 은퇴 후 소득을 종합적으로 파악하고 노인복지 정책과 연금개혁 정책을 뒷받침할 포괄적 연금통계 개발이 필요하다. 통계청은 통계등록부를 중심으로 기초연금, 국민연금, 직역연금 등 11종의 연금데이터를 연결해 국민 전체 연금가입·수급 현황을 파악하고 사각지대를 발굴하고자 한다.특히 통계등록부와 연계해 개별 연금으로는 파악할 수 없는 성연령별, 경제활동별, 주택소유별 세부적인 연금통계 작성이 가능할 것으로 기대한다. 포괄적 연금통계는 2023년 10월 공표할 예정이다.특히 포괄적 연금통계를 준비하면서 데이터 연계에 대한 문제를 느꼈다. 부처별 사일로에 흩어진 통계를 융합해 더 유용한 정보를 생산할 수 있겠다고 생각했다.통계청이 가진 데이터를 활용할 방법도 고민했다. 다른 부처에는 데이터 받아서 활용하겠다고 하면서 우리 데이터는 정작 주지 않았더라. 그래서 가명처리를 전제로 제공하면서 데이터 칸막이를 없애고자 한다.예를 들어 보건복지부에서 가장 관심있어 하는 데이터는 사망원인통계다. 사망원인통계를 의료데이터와 결합하면 개인의 처음부터 끝까지를 볼 수 있다. 그런데 지금 의료데이터는 병원에 방문한 기록만 가지고 있다. 이 사람이 직장이 있는지, 1인 가구인지, 주택이 있는지, 자녀가 있는지는 알 수 없다. 그런 정보를 알 수 있도록 복지부에 인구가구통계등록부와 사망원인통계를 제공하기로 했다.-통계청장으로 취임한 후 통계청 발전에 대해 고민이 많았을 것 같다.▲시대가 바뀌면 통계청의 역할도 바뀌어야 한다. 통계청의 발전을 위해 크게 세 가지에 집중하려고 한다.우선 급변하는 사회변화와 불확실성이 증가하는 현대 사회에서 중앙정부와 지자체, 개인과 기업의 증거기반 의사결정을 뒷받침할 수 있는 통계데이터를 제공하는 게 무엇보다 중요하다. 두 번째는 디지털 플랫폼 정부 구축을 위해 데이터 허브 플랫폼을 구축하고 이용자가 만족할 때까지를 기준으로 삼아 통계 데이터 서비스를 강화하겠다.마지막으로 통계청 본연의 업무인 통계 생산 과정에서 행정자료를 활용하고 비대면 조사 방식을 확대하는 등 통계생산 업무를 효율화하는 노력도 병행할 필요가 있다.특히 기존에 구축한 통계를 정확하게 만드는 것도 매우 중요하다. 정확하게 만들기 어려운 통계 중에 농업생산량조사가 있다. 농업조사는 표본필지를 정하고 재배면적을 파악하고 생산량이 좋은지 아닌지를 파악해야 한다. 통계청은 농업조사 효율을 높이기 위해 인공지능(AI) 기술을 활용할 계획이다. 인공위성 사진으로 면적이 나오고 재배 중인 작물이 뭔지 등을 AI를 이용하면 더 정확하게 조사할 수 있다. 현재 항우연, 농진청과 협력하며 정확성을 더하려고 노력 중이다.통계지리정보서비스(SGIS), 물가 체험하기 등 다양한 시스템도 개발했다. SGIS는 현대판 대동여지도 역할을 한다는 의의가 있다. 생활권역지도는 선택한 지점에서 차로 5분 이내 인구수와 업종별 사업체 수 등을 확인할 수 있어 창업입지·마케팅 전략 수립 등에 활용 가능하다. 격자통계는 100m 단위까지 인구와 사업체 수 변화를 비교 가능하며 지역균형발전계획 수립과 지역변화 분석에 사용할 수 있다.기업통계등록부 등 통계데이터를 이용한 시각화 콘텐츠도 개발하고 있다. 12월까지 개발 예정이며 시각화 콘텐츠로 기업 의사결정을 돕고 이용자 편의를 도모할 수 있을 것으로 기대한다.통계데이터센터(SDC)도 확충하고 있다. 전국 17개 마이크로데이터센터(RDC)를 단계적으로 SDC와 통합하고, 이용자는 좀 더 가까운 장소에서 행정자료와 민간자료를 연계할 수 있도록 서비스를 확대하고 있다.정보화수립계획(ISP) 예산도 받았다. 통계를 볼 수 있는 여러가지 사이트를 하나로 합치는 원포털시스템을 계획하고 있다.-통계청장으로서 반드시 이루고 싶은 것은 무엇인가.▲민관과의 연계 강화다. 행정통계도 아직 다 연계가 안 됐지만, 행정통계만으로도 해결되지 않는 부분들이 있다. 예를 들어 가계부채 통계는 민간에서 가지고 있다. 신용평가사들이 가진 데이터를 통계청 데이터와 연계하면 더 면밀한 분석이 될 수 있다. 민간에서도 통계청 데이터를 가져다가 자신들의 데이터를 검증하려는 목적이나 공공 목적으로 활용할 수 있다. 공공정책 목적으로의 데이터 공유를 신경 쓸 계획이다.또 탄소중립과 ESG도 더 많이 챙기려고 한다. 기업들이 많이 신경쓰는 부분이기도 하다. ESG 관련 채권을 발행할 때 금리를 깎아주거나 어떤 기업이 어떤 ESG 활동을 하는지 기업통계데이터에서 관련 활동을 다 볼 수 있는 역할을 하는 게 목표다.지방자치단체와의 연계도 가능하다. 지자체도 통계에 대한 열의와 요구가 많다. 지방이 초광역화되면서 부울경(부산·울산·경남), 대경(대구·경북) 등이 등장하는데 이를 위해서는 지역통계가 있어야 한다. 부울경이 수도권 대비 부족한 게 뭔지 비교가 돼야 하는데 이 부분이 약하다. 동남지방통계청에서는 지역 통계 허브 역할을 하도록 협의체를 운영해 지역민의 삶이 어떻게 변화했는지 큐레이팅하는 역할을 맡을 수 있도록 하겠다.◇한훈 통계청장은…한훈 청장은 1991년 서울대 경영학과를 졸업하고 서울대 행정학 석사와 미국 워싱턴대 경제학 박사를 받았다. 대학을 졸업하던 해 제35회 행정고시에 합격해 공직에 입문했다. 2007년부터 2010년까지 미국 월드뱅크 파견을 다녀왔으며 기재부 예산실과 장기전략국을 거쳐 2013년부터 2016년까지 주 일본대사관 재정경제관을 지냈다.이후 교육부 정책기획관과 일자리위원회 일자리기획단 총괄기획관을 거쳐 기재부로 돌아와 정책조정국 혁신성장정책관에 임명됐다. 기재부 정책조정국장과 예산실 경제예산심의관을 지낸 후 2021년 차관보로 승진했다. 지난 5월 통계청장에 취임했다.",https://www.etnews.com/20220923000184,https://n.news.naver.com/mnews/article/030/0003046630?sid=101,<b>기획재정부</b> 출신인 한훈 청장은 스스로를 &apos;통계 헤비 유저&apos;라고 표현했다. 이전에는 통계 수요자로 각종... <b>통계청</b>은 농업조사 효율을 높이기 위해 <b>인공지능</b>(AI) 기술을 활용할 계획이다. <b>인공</b>위성 사진으로 면적이 나오고... 
