crawling_trg,pubDate,title,content,originallink,link,description
통일부 남북출입사무소 인공지능,"Mon, 08 Feb 2021 09:51:00 +0900","[인사] 국민권익위원회, 중소벤처기업부, <b>통일부</b>, 법무부","[서울Biz]■ 국민권익위원회◇ 고위공무원 전보(가급)△ 상임위원 박계옥◇ 고위공무원 승진(가급)△ 기획조정실장 임윤주◇ 과장급 전보△ 부패영향분석과장 문석구 △ 심사기획과장 오정택 △ 부패심사과장 양동훈 △ 공공재정환수제도과장 원유진 △ 신고자보호과장 임채수 △ 행정문화교육민원과장 이성섭 △ 국방보훈민원과장 이진석 △ 사회복지심판과장 권오성 △ 환경문화심판과장 최기수■ 중소벤처기업부◇ 과장급 전보△ 글로벌성장정책과장 강기성◇ 과장직위 승진△ 재도약정책과장 임상규■ 통일부◇ 고위공무원 상향전보△ 교류협력실장 백태현◇ 고위공무원 전보△ 남북회담본부장 김창현 △ 대변인 이종주 △ 기획조정실 정책기획관 추석용 △ 인도협력국장 박철 △ 남북협력지구발전기획단장 정준희 △남북회담본부 회담운영부장 박형일◇ 부이사관 승진임용△ 통일부 구병삼 △ 북한이탈주민정착지원사무소 교육기획과장 오미희◇ 과장급 전보△ 대변인실 공보담당관 차덕철 △ 코로나19긴급대응반장 지승우 △ 기획조정실 정보화담당관 김상영 △ 통일정책실 정책협력과장 백혜경 △ 교류협력실 교류총괄과장 조중훈 △ 교류협력실 사회문화교류정책과장 박성림 △ 교류협력실 사회문화교류운영과장 조혜실 △ 정세분석국 정세분석총괄과장 마경조 △ 정세분석국 통일인공지능빅데이터추진단장 이경 △ 인도협력국 인도협력기획과장 남종우 △ 남북회담본부 회담2과장 최원연 △ 남북회담본부 회담3과장 한영숙 △ 남북회담본부 회담운영연락과장 이종희 △ 통일교육원 교육총괄과장 정소운 △ 북한이탈주민정착지원사무소 관리후생과장 엄형율 △ 북한이탈주민정착지원사무소 화천분소장 배충남 △ 남북출입사무소 경의선운영과장 고인곤 △ 한반도통일미래센터장 최용석■ 법무부◇ 검사장급 전보△ 법무부 검찰국장 이정수 △ 대검찰청 기획조정부장 조종태 △ 서울남부지검장 심재철 △ 춘천지검장 김지용▶ [서울Biz 바로가기] ▶ [밀리터리 인사이드] ▶ 네이버에서 서울신문 구독하기 클릭! ⓒ 서울신문(www.seoul.co.kr), 무단전재 및 재배포금지",https://biz.seoul.co.kr/news/newsView.php?id=20210208500019&wlog_tag3=naver,https://n.news.naver.com/mnews/article/081/0003162222?sid=101,통일<b>인공지능</b>빅데이터추진단장 이경 △ 인도협력국 인도협력기획과장 남종우 △ <b>남북</b>회담본부 회담2과장... 배충남 △ <b>남북출입사무소</b> 경의선운영과장 고인곤 △ 한반도통일미래센터장 최용석 ■ 법무부 ◇ 검사장급... 
통일부 남북출입사무소 인공지능,"Mon, 08 Feb 2021 05:07:00 +0900",[인사],"■교육부 △기획조정실장 김문희△정책기획관 황성환■통일부 ◇고위공무원 상향△교류협력실장 백태현 ◇고위공무원 전보△남북회담본부장 김창현△대변인 이종주△기획조정실 정책기획관 추석용△인도협력국장 박철△남북협력지구발전기획단장 정준희△남북회담본부 회담운영부장 박형일 ◇부이사관 승진△통일부 구병삼△북한이탈주민정착지원사무소 교육기획과장 오미희 ◇과장급 전보△대변인실 공보담당관 차덕철△코로나19긴급대응반장 지승우△기획조정실 정보화담당관 김상영△통일정책실 정책협력과장 백혜경△교류협력실 교류총괄과장 조중훈△교류협력실 사회문화교류정책과장 박성림△교류협력실 사회문화교류운영과장 조혜실△정세분석국 정세분석총괄과장 마경조△정세분석국 통일인공지능빅데이터추진단장 이경△인도협력국 인도협력기획과장 남종우△남북회담본부 회담2과장 최원연△남북회담본부 회담3과장 한영숙△남북회담본부 회담운영연락과장 이종희△통일교육원 교육총괄과장 정소운△북한이탈주민정착지원사무소 관리후생과장 엄형율△북한이탈주민정착지원사무소 화천분소장 배충남△남북출입사무소 경의선운영과장 고인곤△한반도통일미래센터장 최용석■행정안전부 ◇실장급 임용△국가기록원장 최재희 ◇국장급 승진△고위공직자범죄수사처 정책기획관 박명균△4차산업혁명위원회지원단 데이터기획관 배일권■문화체육관광부 ◇부이사관 승진△종무실 종무1담당관 강성태△해외문화홍보원 기획운영과장 이종률△주재관 임용 대기 이영호■농림축산식품부 ◇과장급 전보△국제협력국 농업통상과장 양지연△농림축산검역본부 동물보호과장 최봉순△국립종자원 식량종자과장 김기연■보건복지부 ◇과장급△급여기준과장 조충현△장애인자립기반과장 신재형△기초연금과장 송명준△보건산업진흥과장 조귀훈■금융위원회 ◇부이사관 승진△금융분쟁대응TF단장 이영직△한국금융연구원 파견 김기한■국민권익위원회 ◇고위공무원 전보(가급)△상임위원 박계옥 ◇고위공무원 승진(가급)△기획조정실장 임윤주■한겨레 △사회부 법조팀장 김경욱△소통데스크 정환봉▶ 네이버에서 서울신문 구독하기 클릭! ▶ 세상에 이런 일이 ▶ [연예계 뒷얘기] 클릭!ⓒ 서울신문(www.seoul.co.kr), 무단전재 및 재배포금지",https://www.seoul.co.kr/news/newsView.php?id=20210208026011&wlog_tag3=naver,https://n.news.naver.com/mnews/article/081/0003162181?sid=102,통일<b>인공지능</b>빅데이터추진단장 이경△인도협력국 인도협력기획과장 남종우△<b>남북</b>회담본부 회담2과장... 배충남△<b>남북출입사무소</b> 경의선운영과장 고인곤△한반도통일미래센터장 최용석 ■행정안전부 ◇실장급 임용... 
통일부 남북출입사무소 인공지능,"Mon, 08 Feb 2021 03:02:00 +0900",[인사]<b>통일부</b> 外,"◇통일부 ＜승진＞ ▽고위공무원 가급 △교류협력실장 백태현 ▽부이사관 △구병삼 △북한이탈주민정착지원사무소 교육기획과장 오미희 ＜전보＞ ▽고위공무원 가급 △남북회담본부장 김창현 ▽고위공무원 나급 △기획조정실 정책기획관 추석용 △인도협력국장 박철 △남북협력지구발전기획단장 정준희 △남북회담본부 회담운영부장 박형일 ▽과장급 △대변인실 공보담당관 차덕철 △코로나19긴급대응반장 지승우 △기획조정실 정보화담당관 김상영 △통일정책실 정책협력과장 백혜경 △교류협력실 교류총괄과장 조중훈 △〃 사회문화교류정책과장 박성림 △〃 사회문화교류운영과장 조혜실 △정세분석국 정세분석총괄과장 마경조 △〃 통일인공지능빅데이터추진단장 이경 △인도협력국 인도협력기획과장 남종우 △남북회담본부 회담2과장 최원연 △〃 회담3과장 한영숙 △〃 회담운영연락과장 이종희 △통일교육원 교육총괄과장 정소운 △북한이탈주민정착지원사무소 관리후생과장 엄형율 △〃 화천분소장 배충남 △남북출입사무소 경의선운영과장 고인곤 △한반도통일미래센터장 최용석 ◇문화체육관광부 ＜승진＞ ▽부이사관 △이영호 △종무실 종무1담당관 강성태 △해외문화홍보원 기획운영과장 이종률 ◇농림축산식품부 ＜전보＞ ▽과장급 △국제협력국 농업통상과장 양지연 △농림축산검역본부 동물보호〃 최봉순 △국립종자원 식량종자〃 김기연 ＜고용휴직＞ ▽과장급 △유엔식량농업기구(아태사무소) 김신재 ◇산업통상자원부 ▽과장급 △미래자동차산업과장 서길원 ◇보건복지부 △급여기준과장 조충현 △장애인자립기반〃 신재형 △기초연금〃 송명준 △보건산업진흥〃 조귀훈 ◇환경산업기술원 ＜전보＞ ▽처장·단장급 △경영기획처장 박준철 △환경기술〃 이종현 △환경산업〃 김용국 △친환경생활〃 석승우 △환경피해구제〃 이보영 △연구단지운영단장 이동욱 ▽실장급 △홍보실장 하현철 △경영지원〃 김홍열 △사회가치전략〃 배정은 △환경지식정보〃 이용준 △기술총괄〃 이기철 △기술기획〃 오동익 △자연환경기술〃 조기숙 △생활환경기술〃 조원희 △기업육성〃 조주현 △녹색투자지원〃 곽대운 △금융지원〃 김홍석 △기술평가〃 김재석 △연구단지운영단 기획운영〃 권재섭 △〃 안전관리실장 김영윤 △녹색전환지원실장 방혜원 △환경표지혁신〃 김경환 △환경표지인증심사〃 조장율 △환경피해예방〃 임현정 △환경오염피해구제〃 전성원 △가습기살균제피해구제〃 송준호 △가습기살균제피해지원〃 가순규▶ 네이버에서 [동아일보] 채널 구독하기▶ [환생 5화] 이별 이후 오랜 뒤, 이제는 말할 수 있다▶ 멀티미디어 스토리텔링 ‘The Original’ⓒ 동아일보 & donga.com, 무단 전재 및 재배포 금지",https://www.donga.com/news/article/all/20210208/105324813/1,https://n.news.naver.com/mnews/article/020/0003337429?sid=102,통일<b>인공지능</b>빅데이터추진단장 이경 △인도협력국 인도협력기획과장 남종우 △<b>남북</b>회담본부 회담2과장... 배충남 △<b>남북출입사무소</b> 경의선운영과장 고인곤 △한반도통일미래센터장 최용석 ◇문화체육관광부 ＜승진... 
통일부 남북출입사무소 인공지능,"Mon, 08 Feb 2021 02:01:00 +0900",[인사] <b>통일부</b> 외,"통일부 ◆고위공무원 상향전보 △교류협력실장 백태현 ◆고위공무원 전보 △남북회담본부장 김창현△기획조정실 정책기획관 추석용△인도협력국장 박철△남북협력지구발전기획단장 정준희△남북회담본부 회담운영부장 박형일 ◆부이사관 승진임용 △통일부 구병삼△북한이탈주민정착지원사무소 교육기획과장 오미희 ◆과장급 전보 △대변인실 공보담당관 차덕철△코로나19긴급대응반장 지승우△기획조정실 정보화담당관 김상영△통일정책실 정책협력과장 백혜경△교류협력실 교류총괄과장 조중훈△교류협력실 사회문화교류정책과장 박성림△교류협력실 사회문화교류 운영과장 조혜실△정세분석국 정세분석총괄과장 마경조△정세분석국 통일인공지능빅데이터추진단장 이경△인도협력국 인도협력기획과장 남종우△남북회담본부 회담2과장 최원연△남북회담본부 회담3과장 한영숙△남북회담본부 회담운영연락과장 이종희△통일교육원 교육총괄과장 정소운△북한이탈주민정착지원사무소 관리후생과장 엄형율△북한이탈주민정착지원사무소 화천분소장 배충남△남북출입사무소 경의선운영과장 고인곤△한반도통일미래센터장 최용석  문화체육관광부 ◆부이사관 승진 △종무실 종무1담당관 강성태△해외문화홍보원 기획운영과장 이종률△(주재관 임용 대기) 이영호  농림축산식품부 ◆과장급 전보 △국제협력국 농업통상과장 양지연△농림축산검역본부 동물보호과장 최봉순△국립종자원 식량종자과장 김기연 ◆과장급 고용휴직 △국제연합식량농업기구(아태사무소) 김신재ⓒ 세상을 보는 눈, 세계일보",http://www.segye.com/content/html/2021/02/07/20210207508507.html?OutUrl=naver,https://n.news.naver.com/mnews/article/022/0003550416?sid=102,통일<b>인공지능</b>빅데이터추진단장 이경△인도협력국 인도협력기획과장 남종우△<b>남북</b>회담본부 회담2과장... 배충남△<b>남북출입사무소</b> 경의선운영과장 고인곤△한반도통일미래센터장 최용석 문화체육관광부 ◆부이사관 승진... 
통일부 남북회담본부 인공지능,"Fri, 17 Jun 2022 17:33:00 +0900","[주장] 팩스는 이제 그만, 한반도 디지털 플랫폼을 구축하자","                                                                    ▲  한반도 디지털 플랫폼                            ⓒ iStock           남북관계가 꽉 막혀 있다. 그런데 주변을 돌아보면 남북만의 문제가 아니다. 전 세계가 코로나19 팬데믹으로 답답한 터널을 탈출하지 못하고 있다. 그런데 쭉쭉 뚤리는 곳이 있다. 바로 디지털 세상이다. 코로나19 팬데믹은 아마도 좀 더 먼 미래의 일이라 생각했던 비대면 네트워크 세상을 앞당겼다. 그렇다, 위기는 기회다. 코로나 바이러스는 그들의 생존을 위해 전 세계로 퍼져갔지만, 인간은 그에 대응해 새로운 디지털 세상을 열었다. 남북관계도 꽉 막힌 아날로그 시대를 정리하고 디지털이라는 새로운 공간을 만들어야 한다. 남북관계 = 대면+팩스+유선전화? 4차산업을 선도하는 대한민국, 전 연령에서 비대면 수업이 가능한 몇 안 되는 나라가 우리나라다. 하지만 남북관계는 정말 '올드'하기 그지없다. 1972년 7.4남북공동성명을 체결할 당시와 지금 남북관계의 소통방식은 달라진 점이 없다. 남북관계는 여전히 대면으로 만나고, 팩스로 문서를 전달하며, 유선전화로 연락한다. 우선 남북대화는 대면 방식으로 진행된다. 1971년 이후 남북회담은 공식적으로 667회 개최되었고 이 외에도 수많은 실무회의가 북한과 중국 등지에서 개최되었다. 단 한 차례도 대면회담의 틀을 벗어난 적이 없다. 이 얼마나 비효율적인 방식인가? 두 번째로, 남북은 공식 문서를 팩스로 전달한다. 북측의 초청장을 받거나 긴급한 협의 사항을 전달할 때도 팩스를 이용한다. 물론, 인편으로 원본을 직접 전달하는 것을 더 안전하다 생각한다. 세 번째로, 유선전화는 중요한 남북 연락선이다. 통신선으로 연결된 공식적인 대화 채널은 우리의 소통 방법이 1970년대에 머물러 있음을 증언한다. '공식적인'이라는 형식과 틀에 갇혀버린 결과다. 혹자는 우리는 준비되어 있지만, 북한이 기술적으로 낙후되어 있지 않냐고 질문할 수 있다. 그렇다면 북한은 4차산업 시대에 대해 어떻게 생각하고, 또 준비하고 있을까? '새 세기 산업혁명' 강조하는 북한 김정은 시대의 북한은 '북한식 4차 산업혁명'이라 할 수 있는 <새 세기 산업혁명>을 강조하고 있다. 북한이 강조하는 <새 세기 산업혁명>은 ""인민경제 모든 부문에서 과학기술과 생산, 지식과 경제의 일체화를 높은 수준에서 실현하여 경제를 지식의 힘으로 운영되고 발전하는 지식산업""으로 정의된다. 북한은 특히 ICT기술에 기초한 첨단기술산업을 통해 '경제강국'을 건설하자는 구호를 연일 강조하고 있다. 국제사회의 대북제재가 지속되는 상황에서 소위 '단번도약'을 통해 경제강국을 건설하자는 논리이다. 이러한 첨단기술산업의 강조는 과학기술 인력 양성, 산업의 전 분야에서 CNC화 강조, AI, AR, 인공지능 기술의 개발로 표출되고 있다. 만성적인 경제위기 상황에서 북한은 하드웨어가 아닌 소프트웨어 개발에 집중해 왔다. 마지막으로, 북한에서 이동통신 가입자 수가 600만 명에 다다른 것으로 알려져 있다. 특히 '지능형 손전화기'(스마트폰)는 없어서는 안 될 필수품이 된지 오래다. 뿐만 아니라 북한 당국은 ""손전화기를 단순한 통신수단으로부터"" ""인터네트, 금융, 결제 등 정보기술기재로 전환""시키기 위해 노력하고 있다. 어쩌면 디지털 플랫폼을 활용한 남북관계 전환에 북한이 더 적극적일 수 있다. 한반도 디지털 플랫폼을 구축하자 우선 기술적 한계는 다음 문제로 하고 상상력을 발휘해보자. 한반도 디지털 플랫폼은 기존의 아날로그 소통방식을 디지털 공간에서 해결하자는, 아니 그 이상의 혁신적인 아이디어를 적용해 새로운 남북관계를 만들어 낼 수 있다. 먼저, 남북대화는 화상대화로 대체된다. 남북 당국뿐만 아니라 교류협력을 추진하는 지자체, 기업, 시민사회, 사회문화, 예술, 스포츠 분양의 다양한 주체들이 소통할 수 있다. 남북은 이미 노무현 정부 당시 이산가족 화상상봉을 성공적으로 진행한 바 있으며 최근에는 남북화상회담 시스템을 남북회담본부에 설치하였다. 두 번째로, 남북의 다양한 행위자들이 교류협력과 경제협력에 관한 의사를 타진하고 계약(합의서)을 체결하며 결제할 수 있는 공간으로 활용할 수 있다. 각종 문서는 전자결제로 진행되고 계약(합의서) 체결 과정에 관한 자문과 법률 서비스를 받을 수 있다. 세 번째로, 디지털 플렛폼은 딱딱한 회의와 계약의 공간을 넘어 사화문화교류의 장으로 활용될 수 있다. 우리는 이곳에서 남과 북, 혹은 해외 아티스트와 함께 연주회를 개최하고 전시회를 관람할 수도 있다. 한반도 메타버스(metaverse)가 열리는 것이다. 지금의 엄혹한 한반도 정세에서 꿈만 같은, 허황된 얘기라 비판할 수 있다. 그러나 남북관계는 타이밍이다. 남북관계의 얼음이 녹을 때 기회를 놓치면 안된다. 그러려면 먼저 준비해야 한다. 남북관계는 타이밍, 먼저 준비해야 한다 한반도 디지털 플랫폼을 구축하는데 적지 않은 문제들이 대두될 것이다. 국제사회의 대북 제재와 법률적 장치의 부족, 무엇보다 기술적 문제들에 대한 준비가 필요하다. 그렇다면 언제 준비할 것인가? 지금 준비해야 한다. 관련하여 통일부는 제한적이나마 남한만의 남북교류협력시스템, 대북지원정보시스템 등을 운영하고 있으며 DMZ(비무장지대)를 테마로 메타버스 플랫폼(DMZ Universe)을 구축해 서비스를 진행하고 있다. 이제 남북이 함께, 그리고 해외동포와 세계인이 함께 할 수 있는 디지털 플랫폼을 구축해야 한다. 돌아보면 2018년은 남북관계를 복원하기 위한 절호의 기회였다. 판문점선언과 싱가포르 북미정상회담, 9월 평양공동선언까지, 정말 정신없이 굵직한 회담과 합의들이 이루어졌다. 그러나 거기까지였다. 많은 것들을 합의했지만, 준비된 것은 많지 않았다. 뼈아픈 실기였지만 그 교훈을 잊지 말아야 한다. 한반도 평화의 창이 열렸을 때, 우리는 구체적인 행동에 돌입해야 한다. 평화의 창은 우리를 기다려주지 않는다.덧붙이는 글 | *이 기사는 남북물류포럼 [KOLOFO 칼럼]에 공동 게재된 글입니다.*참고자료DMZ Universe – universe.go.kr남북교류협력시스템 – www.tongtong.go.kr대북지원정보시스템 – hairo.unikorea.go.kr",http://www.ohmynews.com/NWS_Web/View/at_pg.aspx?CNTN_CD=A0002843686&CMPT_CD=P0010&utm_source=naver&utm_medium=newsearch&utm_campaign=naver_news,https://n.news.naver.com/mnews/article/047/0002356959?sid=104,"이러한 첨단기술산업의 강조는 과학기술 인력 양성, 산업의 전 분야에서 CNC화 강조, AI, AR, <b>인공지능</b> 기술의... 시스템을 <b>남북회담본부</b>에 설치하였다. 두 번째로, <b>남북</b>의 다양한 행위자들이 교류협력과 경제협력에 관한... "
통일부 남북회담본부 인공지능,"Thu, 21 Apr 2022 14:01:00 +0900",[연합뉴스 이 시각 헤드라인] - 14:00,"■ 대통령실 '5수석·1기획관 체제' 유력…경제수석에 최상목 거론윤석열 대통령 당선인이 새 정부 대통령실 직제로 '5수석(경제·사회·정무·홍보·시민사회)·1기획관(인사)' 체제를 유력하게 검토하는 것으로 알려졌다. 대통령실 주요 인선은 이르면 오는 24일 발표될 것으로 전망된다. 윤 당선인 측 관계자는 21일 통화에서 ""5수석·1기획관 체제로 가는 방안을 검토하고 있다. 인사는 수석비서관과 비서관 사이인 '기획관'을 둘 것으로 보인다""고 말했다. 윤 당선인은 선거 과정에서 제왕적 대통령제를 극복하겠다며 청와대 '수석비서관 폐지'를 공약한 바 있다. 그러나 현 청와대 직제에서 민정·일자리수석은 폐지하되 나머지 주요 수석은 존치하는 쪽으로 가닥을 잡은 것으로 알려졌다. 경제수석에는 최상목 전 기획재정부 1차관이 후보군에 포함돼 검토되는 것으로 전해졌다.전문보기: https:www.yna.co.krviewAKR20220421053600001브리핑하는 최상목 간사(서울=연합뉴스) 최상목 대통령직 인수위원회 경제1분과 간사가 지난달 31일 오후 서울 종로구 통의동 인수위에서 윤석열 대통령 당선인 업무보고와 관련한 브리핑을 하고 있다. 2022.3.31 [인수위사진기자단] photo@yna.co.kr■ 바이든, 내달 20∼22일 방한 유력…'2박3일' 한국체류 주목조 바이든 미국 대통령이 다음 달 20∼22일 2박 3일 일정으로 한국을 찾는 방안을 한미 양국이 유력하게 검토하는 것으로 알려졌다. 전임 도널드 트럼프 대통령이 2017년과 2019년 두 차례 방한 모두 1박 2일간 머문 것보다 체류 일정이 늘어나게 되는 셈이다. 21일 외교 소식통에 따르면 바이든 대통령은 다음 달 20일 한국에 도착해 첫 방한 일정에 돌입할 전망이다.전문보기: https:www.yna.co.krviewAKR20220421074700001■ 美 성김, 김성한·권영세와 오전 연쇄 회동…대북대응 조율방한 중인 성 김 미국 국무부 대북특별대표가 21일 오전 김성한 대통령직인수위원회(인수위) 외교안보 분과 간사, 권영세 통일부 장관 후보자와 잇따라 회동했다. 인수위 등에 따르면 성 김 대표는 이날 오전 김성한 간사와 비공개로 조찬을 하며 북핵 문제 등을 논의한 것으로 알려졌다. 김 간사는 인수위 외교안보 분과를 이끌며 윤석열 대통령 당선인의 안보정책 밑그림을 짜고 있다. 캠프 시절부터 외교안보분야 좌장 역할을 해 온 그는 대통령실의 초대 국가안보실장 유력 후보로 거론된다. 이어 김 대표는 오전 권영세 통일부 장관 후보자의 인사청문준비 사무실이 있는 종로구 남북회담본부를 찾아 권 후보자와도 면담했다.전문보기: https:www.yna.co.krviewAKR20220421086300001■ 정부, 日총리 야스쿠니 봉납에 ""깊은 실망과 유감""정부는 21일 기시다 후미오 일본 총리가 태평양전쟁 A급 전범이 합사된 야스쿠니신사에 공물을 봉납한 것에 대해 유감을 표했다. 외교부는 이날 대변인 논평에서 ""정부는 일본의 과거 침략전쟁을 미화하고 전쟁범죄자를 합사한 야스쿠니 신사에 일본의 책임 있는 지도급 인사들이 또다시 공물을 봉납하거나 참배를 되풀이한 데 대해 깊은 실망과 유감을 표한다""고 밝혔다. 이어 ""정부는 일본의 책임 있는 인사들이 역사를 직시하고, 과거사에 대한 겸허한 성찰과 진정한 반성을 행동으로 보여줄 것을 촉구하는바""라고 강조했다. 전문보기: https:www.yna.co.krviewAKR20220421084200504■ 박범계, 고검장회의 소집…""수사 공정성 확보방안 논의""더불어민주당의 '검수완박(검찰 수사권 완전 박탈)' 법안 처리 움직임이 빨라지는 상황에서 박범계 법무부 장관이 21일 전국 고검장들과 만나 이 사안을 두고 논의한다. 박 장관은 이날 오전 정부과천청사 법무부 출근길에 취재진과 만나 ""오늘 오후 3시 법무부에서 전국 고검장들을 만나보려고 한다""며 ""대통령께서도 김오수 검찰총장을 만나 확인하셨듯 수사의 본질인 공정성 확보 방안에 관해 이야기할 것""이라고 말했다. 전문보기: https:www.yna.co.krviewAKR20220421072352004■ 국가전략기술 R&D 민간 전권…2026년 세계 최초 6G 시연 목표새 정부가 세계 기술패권 경쟁에 대응해 '국가전략기술'에 대해 민간에 전권을 부여한 범부처 연구·개발(R&D) 프로젝트를 추진한다. 또한 6세대 이동통신(6G)과 인공지능(AI)을 중심으로 '디지털 국가전략'을 수립하기로 했다. 대통령직인수위원회 과학기술교육분과는 21일 종로구 통의동 인수위에서 한 브리핑에서 이러한 내용을 포함한 '국가전략기술 초격차 R&D 및 디지털 국가 전략' 추진 방안을 발표했다. 새 정부는 2026년까지 한국에서 세계 최초 6G 기술시연을 한다는 목표로 상용화 기술 프로젝트를 추진하기로 했다. 위성통신 기술개발, 표준특허 선점 등 현재 추진 계획을 대폭 수정하기로 했다. 전문보기: https:www.yna.co.krviewAKR20220421082000001■ 인수위, 소상공인 긴급금융구조안 검토…""금리·부채 감면""대통령직인수위원회가 코로나19 피해로 빚을 진 소상공인에 대한 긴급금융구조안을 검토한다. 인수위 홍경희 부대변인은 21일 서울 종로구 통의동 인수위 사무실 브리핑에서 ""코로나비상대응특별위원회는 코로나 손실보상 종합 패키지에 포함될 금융 지원책에 '소상공인 긴급금융구조안'을 검토했다""고 밝혔다. 홍 부대변인은 ""긴급금융구조안 기본 방향은 차주의 금리부담은 낮추고 상환 일정은 늘리고 과잉부채를 감면하는 것이 목표""라고 말했다. 전문보기: https:www.yna.co.krviewAKR20220421058400001■ 방대본 ""실외마스크 해제하면 2ｍ 내 마스크 벗어도 처벌 안해""방역당국은 실외 마스크 착용 의무가 해제되면 2ｍ 간격 안에 다른 사람이 있을 때 마스크를 벗어도 과태료를 부과하지 않게 된다고 설명했다. 김유미 중앙방역대책본부 일상방역관리팀장은 21일 방대본 백브리핑에서 ""실외 마스크를 해제한다면 실외 (사람 간) 간격 기준이 없어진다는 의미""라며 이같이 말했다. 그는 지금도 실외에서는 2ｍ 이상 간격이 있으면 마스크를 착용하지 않아도 과태료 대상이 아니라고 밝혔다.전문보기: https:www.yna.co.krviewAKR20220421090500530■ 코로나에 비만 4년새 2배 늘었다…영양소결핍 환자도 함께 급증비만 환자가 지난 2017년 이후 4년 사이 갑절 이상으로 급증한 것으로 나타났다. 코로나19 유행으로 인한 음식 섭취·운동 습관 변화가 영향을 미친 것으로 추정된다. 비만 환자 증가는 소아·청소년층에서 특히 두드러져 이 기간 10대 비만 환자의 수가 3.6배로 늘어났다. 건강보험심사평가원은 21일 이런 내용의 '2017∼2021 영양결핍과 비만 통계' 분석 결과를 발표했다. 분석에 따르면 지난해 비만 환자는 3만170명으로 2017년 1만4천966명의 배 이상으로 늘었다. 전문보기: https:www.yna.co.krviewAKR20220421070200530■ 월소득 117만원 미만 청년에 1년간 매달 월세 최대 20만원 지원정부가 저소득 청년층의 주거비 부담을 덜어주기 위해 1년간 매달 월세 최대 20만원을 지원하는 사업을 본격적으로 시작한다. 국토교통부는 21일 국무조정실, 보건복지부와 '시·도 청년정책 책임관 협의회'를 열고 각 지방자치단체에 이 같은 내용의 청년 월세 지원 사업 시행 방안을 설명했다고 밝혔다. 지원 대상은 부모와 떨어져 별도로 거주하는 만 19∼34세 무주택 청년이다. 청년 본인이 속한 가구는 중위소득 60% 이하, 재산가액 1억700만원 이하 조건을 갖춰야 하며 부모 등 원가족 역시 중위소득 100% 이하, 재산가액 3억8천만원 이하여야 지원 대상이 된다. 올해 기준으로 중위소득 60%는 1인 가구의 경우 116만6천887원, 2인 가구는 195만천51원, 3인 가구는 251만6천821원이며 중위소득 100%는 2인 가구는 326만85원, 4인 가구는 512만1천80원이다. 전문보기: https:www.yna.co.krviewAKR20220421046500003■ 거리두기 해제 첫 주말, 대구 낮 30도 등 5월 하순처럼 더울 듯사회적 거리두기가 해제되고 첫 주말인 이번 주말 대체로 맑고 낮 기온이 25도 이상으로 올라 바깥 활동을 하기 좋겠다. 토요일인 23일과 일요일인 24일에 고기압이 우리나라를 지나갈 전망이다. 이 고기압과 중국 남서쪽에 자리한 저기압 사이 남풍이 불면서 고온다습한 공기가 국내에 유입되겠다. 이에 기온이 5월 말 수준으로 크게 오르겠다. 남부지방은 주말 낮 기온이 25도를 넘을 것으로 예상된다. 남부내륙은 낮에 기온이 26~28도까지 오르고 특히 대구 등 분지는 30도를 넘을 수도 있겠다. 서울 등 중부지방도 낮 기온이 20도 이상이겠다. 전문보기: https:www.yna.co.krviewAKR20220421088400530■ [우크라 침공] 마리우폴 함락 임박…러 ""21일 최후항전지 장악할 것""러시아가 침공한 우크라이나의 남부의 전략 요충지 마리우폴이 함락이 임박한 상황이다. 로이터, AFP통신 등은 러시아군이 마리우폴 내 우크라이나군의 최후 항전지인 아조우스탈 제철소를 21일(현지시간) 내에 점령할 것으로 내다봤다. 러시아 체첸 자치공화국의 지도자 람잔 카디로프는 ""오늘 점심(한국시간 21일 저녁께) 전후에 아조우스탈 제철소를 완전히 장악할 것""이라고 말했다. 전문보기: https:www.yna.co.krviewAKR20220421058900009",https://www.yna.co.kr/view/AKR20220421099800011?input=1195m,https://n.news.naver.com/mnews/article/001/0013129017?sid=004,권영세 <b>통일부</b> 장관 후보자의 인사청문준비 사무실이 있는 종로구 <b>남북회담본부</b>를 찾아 권... 또한 6세대 이동통신(6G)과 <b>인공지능</b>(AI)을 중심으로 &apos;디지털 국가전략&apos;을 수립하기로 했다. 대통령직인수위원회... 
통일부 남북회담본부 인공지능,"Sun, 20 Feb 2022 22:31:00 +0900",오늘의 인사 - 2022년 2월 21일,[경향신문] ■국무조정실·국무총리비서실 ◇과·팀장급 △외교정책팀장 박영철 △시민사회지원행정관 이종협 △가습기살균제사건과 4·16세월호참사 특별조사위원회 운영지원담당관 최두영■기획재정부 ◇과장급 △남북경제과장 이재용■행정안전부 △생활안전정책관 오후석 △여수·순천 10·19사건지원단장 장헌범 △자치분권위원회 자치분권국장 채수경 △고위공직자범죄수사처 정책기획관 김중열 △한국지역정보개발원 기획조정실장 박명균 △주한미군기지지원단 우광진 △진실화해위원회 운영지원담당관 장동수■문화체육관광부 ◇4급 승진 △운영지원과 이희룡 △규제개혁법무담당관 황현정 △공연전통예술과 손미숙 △종무1담당관 이형수 △소통정책과 박수진 △저작권정책과 채정재 △체육정책과 이정희 조현성 △국립중앙도서관 기획총괄과 류은영 △시각예술디자인과 이기영■과학기술정보통신부 ◇국장급 승진 △우정사업본부 우정사업정보센터장 곽병진 ◇과장급 전보 △소프트웨어정책과장 신상열■보건복지부 △사회복지정책실 복지행정지원관 김혜진■국토교통부 ◇국장급 승진 △정책기획관 이우제 ◇과장급 전보 △미래전략일자리담당관 정수호 △주거복지지원과장 이중기 △서울지방항공청 공항시설국장 유충현■통일부 ◇부이사관 승진 △통일정책실 정책총괄과장 지승우 △인도협력국 인도협력기획과장 박성림 △남북협력지구발전기획단 기획총괄과장 김영일 △남북회담본부 회담1과장 김시운 ◇과장급 전보 △통일인공지능빅데이터추진단장 이종희 △교류협력실 사회문화교류정책과장 황선혜 △인도협력국 이산가족과장 한건섭 △남북회담본부 회담3과장 강준석 △〃 회담운영연락과장 김유진 △국립통일교육원 교육총괄과장 남종우 △북한이탈주민정착지원사무소 화천분소장 이경 △남북공동연락사무소 사무처 운영부장 배충남 △한반도통일미래센터 기획운영과장 한영숙 △인도협력국 북한이탈주민안전지원팀장 황유상■환경부 △국립환경인재개발원장 김효석■산업통상자원부 ◇국장급 승진 △신통상질서정책관 박대규 △2050탄소중립위원회 사무처 포용전환국장 이용필 ◇국장급 전보 △무역안보정책관 박성택■식품의약품안전처 △의료기기안전국장 이남희 △의료기기안전국 의료기기정책과장 채규한 △식품의약품안전평가원 의료제품연구부 바이오의약품연구과장 류승렬■병무청 ◇과장급 전보 △경인지방병무청 병역판정관 전재천 △인천병무지청장 유병호 △대체역심사위원회 사무국 조사1과장 이연우 ◇과장급 승진 △대체역심사위원회 사무국 심사총괄과장 허철회 △서울지방병무청 사회복무관리국장 소영만■방위사업청 ◇국장급 전보 △기반전력사업지원부장 이귀현■국토연구원 △부원장 김태환■한국마사회 △부회장 겸 건전화본부장 송철희 △사업기획본부장 김홍기 △경영관리본부장 최원일 △말산업육성본부장 오순민,https://www.khan.co.kr/people/personnel_shift/article/202202202227035,https://n.news.naver.com/mnews/article/032/0003129581?sid=102,유충현 ■<b>통일부</b> ◇부이사관 승진 △통일정책실 정책총괄과장 지승우 △인도협력국 인도협력기획과장... 김영일 △<b>남북회담본부</b> <b>회담</b>1과장 김시운 ◇과장급 전보 △통일<b>인공지능</b>빅데이터추진단장 이종희 △교류협력실... 
통일부 남북회담본부 인공지능,"Sun, 20 Feb 2022 11:27:00 +0900",[인사]<b>통일부</b>,◆통일부 ◇부이사관 승진 △통일정책실 정책총괄과장 지승우 △인도협력국 인도협력기획과장 박성림 △남북협력지구발전기획단 기획총괄과장 김영일 △남북회담본부 회담1과장 김시운 ◇과장급 전보 △통일인공지능빅데이터추진단장 이종희 △교류협력실 사회문화교류정책과장 황선혜 △인도협력국 이산가족과장 한건섭 △남북회담본부 회담3과장 강준석 △남북회담본부 회담운영연락과장 김유진 △국립통일교육원 교육총괄과장 남종우 △북한이탈주민정착지원사무소 화천분소장 이경 △남북공동연락사무소사무처 운영부장 배충남 △한반도통일미래센터 기획운영과장 한영숙 △인도협력국 북한이탈주민안전지원팀장 황유상,http://www.etnews.com/20220220000018,https://n.news.naver.com/mnews/article/030/0002999595?sid=105,◆<b>통일부</b> ◇부이사관 승진 △통일정책실 정책총괄과장 지승우 △인도협력국 인도협력기획과장 박성림... 김영일 △<b>남북회담본부</b> <b>회담</b>1과장 김시운 ◇과장급 전보 △통일<b>인공지능</b>빅데이터추진단장 이종희 △교류협력실... 
통일부 북한인권기록센터 인공지능,"Mon, 01 Nov 2021 11:43:00 +0900",野 예결위원들 &quot;5대 분야 100대 문제사업 대폭 삭감할 것&quot;,"""민생에 실질적 도움이 되는 예산으로 조정할 예정""[이데일리 권오석 기자] 국민의힘 예산결산특별위원회 소속 위원들이 1일 예산 국회 시작과 함께 “잘못된 예산편성을 바로잡고자 2022년도 예산안 5대분야 100대 문제사업을 가려냈다”며 “문제사업을 대폭 삭감해 국민들의 삶에 실질적으로 도움이 되는 민생예산으로 조정할 예정”이라고 약속했다.문재인 대통령이 지난달 25일 서울 여의도 국회 본회의장에서 2022년도 예산안 시정연설을 하고 있다. (사진=연합뉴스)이들은 이날 `2022년도 예산안 관련 5대 분야 100대 문제사업` 보도자료를 내고 “2022년도 예산안은 문재인정부의 마지막 예산안 편성이자, 미래세대 부담전가와 성과없는 재정중독성 나라살림을 막을 수 있는 마지막 기회”라고 이같이 말했다.앞서 정부는 올해 본예산 대비 8.3% 증가한 604조 4000억원을 내년도 예산으로 편성했다. 이로 인해 국가채무는 2017년 예산기준 국가채무 682조 4000억원이 5년만인 내년도에는 385조원(2017년대비 56.6%)증가한 1068조 3000억원에 이른다. 내년도 예산안은 최초로 국가채무 1000조원, GDP대비 국가채무비율 50%를 동시에 돌파하게 되는 최악의 예산안이라는 게 국민의힘 설명이다.이들은 2022년도 예산안 100대 문제사업으로 △민생무관 한국판 뉴딜 2.0사업 △정권 끝까지 국민등골브레이커·문재인정부 알박기 사업 △정권말 신규·증액과다 등 불요불급 사업 △유사중복·성과저조·집행부진 등 혈세낭비 사업 △정책실패 면피용 및 국회·국민기만 사업 등 5대 분야로 분류했다.먼저 디지털·그린·휴먼뉴딜로 구성된 한국판 뉴딜 2.0은 올해보다 8조 6000억원 증가한 33조 7000억원을 반영했다. 총 1212개 사업(내역사업 기준)중 디지털 뉴딜 128개, 그린뉴딜 133개, 휴먼뉴딜 43개 등 304개 사업이 신규사업인 것으로 나타나 4개당 1개꼴로 다음 정부에 부담을 떠넘기는 사업으로 드러났다는 지적이다.‘정권 끝까지 국민등골브레이커·문 정부 알박기 사업’은 전액삭감이 필요하다는 주장이다. 대표적인 사례로는 △김어준 가짜뉴스 배제하고 야당 발언 팩트체크 주력하는 방통위 인터넷환경신뢰도기반조성 사업(27억원) △극소수 국민참여로 만든 실패한 통일정책을 차기 정부에 알박기하려는 통일부 통일정책추진 사업(12억원) △임기 4개월 남겨도 사업추진 결정하겠다며 다음 정부로 8조원이상 부담 떠넘기는 방위사업청의 경항공모함 사업(72억원) 등이 있다.정권말 신규 및 증액과다 등 불요불급한 사업들의 경우 △이미 취약계층 소비자교육하면서도 신규로 아카데미, 봉사단 구성하는 공정위의 소비자권익사업(10억원) △월소득 파악한다고 추진단부터 만드는 기재부의 소득정보연계추진단(4억원) △국가신약개발, 혁신신약개발과 중복되는 과기부 인공지능활용 혁신신약 발굴사업(21억원) 등을 꼽았다.`유사중복·성과저조·집행부진 등 혈세낭비 사업`들은 내년예산안 적자국채 77조 6000억원을 감안해서라도 반드시 삭감조정이 필요하다고 목소리를 높였다. 주요 문제사업으로 △기본설계 시작도 못했는데 본사업비 135억원 반영한 소방청의 국립소방박물관사업 △남북관계 개선 못 해 집행 못 하면서 또 1,000억원 반영한 통일부의 남북협력기금 전입금 △사업지연되고 있는데 305.8% 증액한 해경청의 서부정비창신설사업 등이 있다.`정책실패 면피용, 국회ㆍ국민기만 사업`들은 삭감조정은 물론 중징계가 필요한 사업이라는 설명이다. 이와 관련된 대표적인 사업으로는 △북한인권 맹탕 보고서로 북한인권법을 계속해서 면피하는 통일부의 북한인권과·북한인권기록센터 △결산지적에도 개선 없이 예산반영한 방사청의 신속시범ㆍ획득사업(797억원) △북한에 이식도 못하면서 대북용 묘목생산하는 산림청 남북산림협력사업(76억원) 등이 있다.국민의힘 위원들은 “민생은 없고 탄소중립만 부르짖는 문 정부의 잘못된 재정운용, 방만한 선거용 선심성 표퓰리즘사업과 혈세낭비를 상임위 예비심사과정과 예결위 활동을 통해 꼼꼼히 따져 묻고 삭감을 요구할 것”이라고 강도 높게 비판했다.",http://www.edaily.co.kr/news/newspath.asp?newsid=02443606629241456,https://n.news.naver.com/mnews/article/018/0005075179?sid=100,과기부 <b>인공지능</b>활용 혁신신약 발굴사업(21억원) 등을 꼽았다. `유사중복·성과저조·집행부진 등 혈세낭비... 면피하는 <b>통일부</b>의 <b>북한인권</b>과·<b>북한인권기록센터</b> △결산지적에도 개선 없이 예산반영한 방사청의... 
통일부 북한인권기록센터 인공지능,"Mon, 01 Nov 2021 11:26:00 +0900","국민의힘 “文정부 예산안, 국민·정책·희망 없는 3無 예산”","野 예결위원 ‘5대 분야 100대 문제 사업’ 발표이만희 국민의힘 의원[서울경제] 국민의힘이 1일 문재인 정부의 내년도 예산안에 대해 “국민도 없고, 정책도 없고, 희망도 없는 3무(無) 예산안”이라며 ‘5대 분야 100대 문제 사업’을 발표했다. 국민의힘은 국회 예산결산위원회 심사 과정에서 문제 사업 예산을 삭감하고 민생 예산으로 조정한다는 방침이다.국회 예산결산특별위원회 국민의힘 간사를 맡고 있는 이만희 국회의원(경북 영천·청도)은 이날 국회에서 기자회견을 열고 “예결위 심의 과정에서 미래세대 부담 전가와 성과 없는 재정 중독성 나라 살림을 반드시 막겠다는 절박한 심정으로 임할 것”이라고 밝혔다.문재인 정부는 내년도 예산안으로 올해 본예산 대비 8.3% 증가한 604조4,000억원을 책정했다. 국민의힘 예산결산특별위원회 위원들은 이중 문제 사업 5대 분야로 △민생 무관 한국판 뉴딜 2.0 사업 △정권 끝까지 국민등골브레이커·문재인 정부 알박기 사업 △정권 말 신규·증액과다 등 불요불급 사업 △유사중복·성과저조·집행부진 등 혈세 낭비 사업 △정책 실패 면피용, 국회·국민 기만 사업을 꼽았다.한국판 뉴딜2.0 중 디지털 뉴딜인 금융위원회의 산업은행 출자 뉴딜펀드 사업에 대해 ‘빚 내서 출자해도 당장 투자 안 되고 관제 펀드 실패 우려 있는데 뭉칫돈 6,400억원을 또 넣겠다고 한다”고 평가했다. 또 중소기업벤처부의 중소기업모태조합출자를 두고는 “소상공인들의 손실보상에 대한 지원은 인색하면서 뉴딜펀드 등에 6,600억원을 쏟아붓는다”고 지적했다. 이외에도 △행정안전부의 정보보호인프라 확충(15억원) △국토교통부 지능형교통체계 사업(5,067억원)을 문제 삼았다.그린 뉴딜 관련 문제 사업으로는 환경부의 수소차·충전소 사업을 언급하며 “1,076억원 불용이 발생해도 올해보다 2배 이상인 8,928억원을 반영했다”고 비판했다. 또 △농림축산식품부의 농업에너지 이용 효율화 사업(236억원) △해양수산부의 이동식 수소 육상전원 공급 설비(16억원)을 거론했다.휴먼 뉴딜과 관련해서는 교육부의 혁신 인재 양성 사업이 각 부처의 인력 양성 예산 6,467억원을 조정하지 않고 600억원을 신규 반영한 점, 과학기술정보통신부의 디지털 배움 사업이 지방자치단체의 정보화사업과 중복성 지적에도 725억원을 반영한 점, 고용부의 청년센터운영사업이 선거 앞두고 청년 관련 홍보하겠다며 증액해 117억원을 반영한 점 등을 비판했다.또 국민등골브레이커와 정부 알박기성 예산을 꼽으며 문재인 정권이 끝날 때까지 혈세낭비를 일삼고 심지어 차기 정권의 정책 설정을 방해할 수 있다며 전액삭감이 필요하다고 주장했다. 국민의힘은 7억원을 반영한 대통령비서실 국정운영관리 사업에 대해 “임기 4개월 남은 현정부가 깜깜이 정책연구를 또 하겠다고 한다”고 지적했다. 또 통일부 통일정책추진 사업(12억원)에 대해 “소수 국민참여로 만든 실패한 문재인 정부 통일정책을 차기 정부에 알박기하려 한다”고 규정했다. 방위사업청의 경항공모함 사업(72억원)에 대해서는 “임기 4개월을 남겨도 사업 추진을 결정하겠다며 다음 정부로 8조원 이상 부담 떠넘긴다”고 강조했다.국민의힘은 불요불급한 사업으로 △이미 취약 계층 소비자 교육을 하면서도 신규로 아카데미·봉사단을 구성하는 공정위의 소비자권익사업(10억원) △월소득 파악한다고 추진단부터 만드는 기획재정부의 소득정보연계추진단(4억원) △국가 신약 개발·혁신 신약 개발과 중복되는 과기부 인공지능 활용 혁신 신약 발굴 사업(21억원) △타기관들이 이미 다 하고 있는데도 또 상담 센터 구축해서 조직 확장 하려는 방통위 인터넷 피해 상담 센터(14억원)을 꼽았다.예산 집행과 사업 실적이 저조하거나 사업 계획이 미흡한 사업들로는 △소방청 국립소방박물관사업 △통일부 남북협력기금 전입금 △해양경찰청 서부정비창신설사업 △국토부 혁신펀드사업 △육군부대개편 5차 사업을, 정책 실패 면피용 및 국회·국민 기만 사업으로는 △통일부 북한인권과·북한인권기록센터 △방사청 신속시범·획득사업 △산림청 남북산림협력사업△산업통상자원부 산업단지 청년교통비 지원 사업을 적시했다.국민의힘은 “민생은 없고 탄소 중립만 부르짖는 문재인 정부의 잘못된 재정 운용, 방만한 선거용 선심성 표퓰리즘 사업과 혈세 낭비를 상임위 예비심사 과정과 예결위 활동을 통해 꼼꼼히 따져 묻고 삭감 요구할 것”이라며 “이를 통해 마련된 국민 세금으로 내년 예산안 적자 국채 발행 한도 77조6,000억원을 줄이고 현 정부가 외면한 청년 구직자와 생존 기로에 있는 소상공인·자영업자·중소기업 근로자 등 서민들의 고충을 조금이나마 덜어드릴 수 있는 사업에 증액될 수 있도록 최선을 다하겠다”고 말했다.",https://www.sedaily.com/NewsView/22TUJZGT6F,https://n.news.naver.com/mnews/article/011/0003979911?sid=100,과기부 <b>인공지능</b> 활용 혁신 신약 발굴 사업(21억원) △타기관들이 이미 다 하고 있는데도 또 상담 <b>센터</b>... 사업으로는 △<b>통일부 북한인권</b>과·<b>북한인권기록센터</b> △방사청 신속시범·획득사업 △산림청 남북산림협력사업... 
통일부 북한인권기록센터 인공지능,"Wed, 30 Jun 2021 18:54:00 +0900",7월 1일 인사,"⊙ 언론중재위원회 △심의2팀장 임종우 △부산사무소장 윤치경⊙ 원자력안전위원회 ◇과장급 △방재환경과장 심은정 △한울원전지역사무소장 김윤우⊙ 통일부 <승진> ◇부이사관 △운영지원과장 전은정 △교류총괄〃 남봉림 ◇서기관 △교류협력실 교류총괄과 정연주 △정세분석국 정세분석총괄과 이경숙 △인도협력국 인도협력기획과 임예지 △국립통일교육원 교육연수과 김환선 <전보> ◇과장급 <과장> △정세분석국 정치군사분석 손송희 △인도협력국 정착지원 김진근 △남북협력지구발전기획단 기획총괄 김영일 △남북회담본부 회담지원 고원형 △북한인권기록센터 기획연구 김자영 △북한이탈주민정착지원사무소 화천분소 교육운영팀장 정윤권 △북한이탈주민정착지원사무소 화천분소 관리후생〃 최경수⊙ 산업통상자원부 ◇과장급 △다자통상협력과장 장재량⊙ 식품의약품안전처 <전보> ◇과장 <보건연구관> △식품의약품안전평가원 의약품심사부 순환신경계약품 김호정 △〃 독성평가연구부 실험동물자원 이종권 △경인지방식품의약품안전청 의료제품실사 김준규 <기술서기관> △서울지방식품의약품안전청 농축수산물안전 오재준 △경인〃 식품안전관리 신용주 <파견복귀> ◇보건연구관 △식품의약품안전평가원 식품위해평가부 첨가물포장과장 이순호⊙ 병무청 <전보> ◇과장급 △대변인 문경식 △기획조정관실 규제개혁법무담당관 민선기 <과장> △운영지원 하성일 △병역자원국 정보관리 최정효 △입영동원국 현역모집 류정길 △사회복무연수센터장 임태군 △경기북부병무지청장 정성득⊙ 국민체육진흥공단 <본부장> △경영혁신 이홍복 △스포츠산업진흥 한종규 △기념사업운영 안경찬 △경주사업총괄본부 경륜경정건전화본부 경륜경정건전화 이맹규 △〃 〃운영본부 〃운영 주정돈 <실장> △감사 김재봉 △경영혁신본부 혁신성과 최규철 △〃 총무인사 홍주훈 △체육진흥사업본부 기금관리 신희섭 △〃 체육인재 김미숙 △〃 체육시설안전 김강산 △스포츠산업진흥본부 스포츠산업진흥 이성철 △〃 스포츠기업지원 김정훈 △〃 체육진흥투표권 김형석 △〃 대중골프장사업 이민재 △기념사업운영본부 기념사업 차지은 △〃 파크텔운영준비 오정식 △경주사업총괄본부 경륜경정건전화본부 사업기획 성욱제 △〃 〃 건전화추진 배장환 △〃 〃 사업서비스 최종호 △〃 경륜경정운영본부 경륜경주 김희제 △〃 〃 경정경주 김찬 <지점장> △경주사업총괄본부 경륜경정건전화본부 분당 최창렬 △〃 〃 관악 김한용 △〃 〃 성북 이성래 △〃 〃 강남 최용필 △〃 〃 천안 박재철 △〃 〃 동대문 노태일⊙ 산업인력공단 <승진> ◇1급 △해외취업국장 장훈 <지사장> △경남서부 오창열 △경북서부 김호연 △제주 임승묵 ◇2급 △중앙발간센터장 이병이 △서울남부지사 이경희 △경남서부〃 박우성 △경기서부〃 박승진 △제주〃 김성훈 △충남〃 김승열 △대전지역본부 김혜영 박상우 <부장> △감사 김주희 △정보화사업1 문희숙 △일학습기획 정현일 △컨소시엄지원 정환 <전보>◇실장 △감사 김영동 △기획조정 전화익 △비서 안현민 △홍보 박태훈 △안전관리 하채용 ◇국장 △총무 송길용 △직업능력 염명국 △일학습지원 권오직 △능력평가 문현태 △외국인력 박동준 △서울지역본부장 신승식 △부산〃 이병철 ◇지사장 △서울서부 임종진 △강원 최희숙 △경남 공역식 △경기북부 이철민 △충남지 이병욱 △세종 김준태 ◇부장 △혁신기획 하상진 △예산 남영문 △사회가치성과 하필규 △고객지원 오창선 △총무 최상문 △자산운영 류충현 △능력개발기획 권기승 △능력평가기획 권상원 △응용공학출제 안성욱 △IT융합출제 이민주 △생활과학출제 조형래 △전문자격운영 조상현 △해외취업기획 이우진 △NCS기획 최용일 △일학습과정개발센터장 김선영 △부산해외취업〃 정아영 △서울지역본부 박노광 손배원 권형태 △부산〃 성차경 김지연 △대구〃 신승길 △인천〃 유찬숙 김미정 △대전〃 황학진 △서울서부지사 김병용 △강원〃 김성록 △강원동부〃 이준헌 △부산남부지사 최재식 △경남〃 이창경 △경남서부〃 김윤영 △경북서부〃 박종수 △경기〃 채경수 △경기북부〃 김기우 △경기동부〃 최규덕 △충남〃 곽헌종 △세종〃 강원식⊙ 한국언론진흥재단 <승진> ◇국장급 △광고운영국장 황호출 △미디어연구센터장 김영주 ◇국장대우 △경영기획실장 정민 △미디어연구센터 최민재 ◇부장 △ESG혁신팀장 안익균 △부장대우 △뉴스저작권팀장 이상기 △뉴스빅데이터팀장 박재현 △광고전략팀 정용재 △미디어연구센터 진민정 <전보> △검사역실장 이동우 ◇팀장 △경영지원 유재준 △ESG혁신 안익균 △산업분석 신윤진 △광고협력 홍원철 △광고컨설팅 서인식 △공공법인광고 노현숙 △뉴스저작권 이상기 △세종대전총괄지사장 이종경 △정부광고혁신추진단장 유재권⊙ 한국수력원자력 ◇본사 <처장> △기획 한장희 △노경협력 손봉순 △해외사업 김용학 <실장> △원전해체연구소설립추진 문윤성 △기획 윤숭호 △노경협력 임현철 △수소사업 공영곤 ◇고리원자력본부 △제3발전소장 박복열 ◇한울원자력본부 △대외협력처장 직무대행 최훈 ◇바라카원자력본부 △본부장 권양택 △제2발전소장 오승주⊙ 대한적십자사 <전보> ◇산하 기관장급 △교육원 교수 박은영 △원폭피해자·사할린동포 지원본부장 허혜숙 △대전·세종지사 사무처장 김정주 △전북지사 〃 권영일 <혈액원장> △대구·경북 이건문 △경기 허부자 △충북 김연숙 △전북 허정구 △제주 조호규 △혈장분획센터 전임경영관리위원 이정호⊙ 중앙그룹 <선임> 중앙일보 ◇편집국 △콘텐트코디네이터 김원배(사회디렉터 겸 시민사회연구소장 겸) △EYE디렉터 천인성 △〃부디렉터(EYE1팀장 겸) 이해준 <팀장> △사회기획 최현철(정책디렉터 겸) △국제 강혜란 △P 김현예 △EYE2 배재성 △〃3 한영혜 ◇비즈솔루션본부 △비즈혁신팀장 박찬종 △비즈혁신팀 뉴비즈매니저 김재운 △신문제작총괄 경제담당 콘텐트제작에디터 염태정 최지영 중앙일보M&P <팀장> △사업지원 이유석 △운영지원 한상윤 △인사총무 조범식 중앙일보S ◇스포츠뉴스룸 △국장 김성원 △스포츠팀장 김식 △온라인기획〃 이은경 △스포츠본부 골프팀장(골프사업담당 겸) 이지연 JTBC △행정국 보도지원팀장 이주찬 JTBC스튜디오 △지적재산권팀장 김종우⊙ 이데일리 △마케팅본부장(상무 겸) 김상헌 △편집보도국장 이성재⊙ 파이낸셜뉴스 <승진> ◇논설실 △주필(상무 겸) 곽인찬 △논설실장(국장 겸) 노주석 ◇편집국 △교열팀장(부장대우) 최소영⊙ 중도일보 △편집국장 김덕기 △내포본부장(이사 겸) 최재헌 △세종청사본부장(이사 겸) 이승규⊙ 전북일보 <승진> △디지털콘텐츠부 부국장 김종표 △광고영업팀 〃 오윤호 △편집부 부국장대우 전택수 ◇부장 △경영기획부 신상목 △광고부 문선진 △편집부 이용수 <전보> ◇부장 직무대리 △정치 육경근 △교육문화 이강모 △제2사회(체육부장 겸) 백세종⊙ 충북대 ◇4급 △시설과 이성식 ◇5급 △제1행정실(인문대학) 유근혁 △시설과 김종문 △안전관리본부(시설과, 공동실험실습관 겸) 최주한 △도서관 박종우⊙ 경상국립대 <승진> ◇5급 △학사지원과장 오병학 <전보> ◇4급 △국제어학원 행정실장 김순덕⊙ 고려대 <승진> ◇부장 △교수학습지원팀(원격교육센터 겸 교육매체지원부 겸) 장휘진 △교양교육원행정실 김귀숙 △학예 배성환 △커뮤니케이션팀 이장욱 △정보인프라 장봉춘 <신임>△중앙도서관 부관장(학술정보개발 겸 학술정보기획부장 겸) 정은주 <전보> ◇부장 △연구지원2·3팀(산학구매팀 겸 기술사업화센터 겸) 현계환 △학사팀(교육혁신팀 겸 혁신공유대학운영팀 겸) 이경미 △공과대학행정실(공학대학원 겸 에너지환경대학원(그린스쿨) 겸 기술경영전문대학원행정실 겸 에너지신산업혁신공유대학사업단 겸) 유원종 △기록자료실 김상덕 △사회공헌지원부 이환 △문과대학행정실 백나실 △사범대학행정실(교직팀 겸 교육대학원행정실 겸 교육연수원 겸) 양희준 △경영대학행정실(경영전문대학원행정실 겸) 오윤세 △연구기획팀(연구진흥팀 겸 연구윤리센터 겸 연구정보분석센터 겸 융합연구원행정실 겸) 유신열 △정보개발부(데이터Hub팀 겸) 한재호 △예산팀 박태용 △생명과학대학행정실(생명환경과학대학원행정실 겸) 김영석 △경영지원팀(대학사업팀 겸) 문택수 △총무 전창희 △정책기획팀(감사실 겸) 이강봉 △학생지원부(장애학생지원센터 겸) 이재철⊙ DB금융투자 <보임> △SP본부장 조규태 △SP1팀장 김태운 <지점장> △인천 가희정 △진접 한용환 △화성향남 박원철 △리스크관리팀장 박지용 △인사파트장 장윤석 △기업문화〃 최웅걸 <전보> △을지로금융센터장 박호석 △강남〃 주상혁 <지점장> △잠실 공우진 △평촌 최성호 △분당 정효성 △대전 김창호⊙ 대신증권 <신임> ◇본부장 △채권운용본부 정임보 ◇부장 △FICC리서치부 공동락 <전보> ◇본부장 △멀티운용본부 최대경 ◇부장 △기업리서치부 양지환⊙ 동양생명 <승진> △방카서부사업단장 유승택 △〃남부〃 서정태 △IT기획팀 팀장 김형진 △〃 인프라파트장 장현각 <전보> △GA부산경남사업단장 안준영 △〃대구경북〃 김길수 △IT개발팀 채널파트장 주승욱⊙ 현대해상 <승진> ◇부장 △신하이포탈TF장 양영숙 <전보> ◇임원 △리스크관리본부장 홍사경 △고객지원〃 황미은 △CCO 윤민영⊙ EY한영 ◇본부장 △전략·재무자문 박남수 △금융사업 임동훈⊙ 한국신용평가 <승진> △평가기준실장 정혁진 <전보> △준법감시실장 양진수⊙ 코난테크놀로지 <승진> ◇상무 △연구소 도원철 오창민 △경영지원실 홍순철 <신임> ◇이사 △지능형콘텐츠사업부 강현수 박정선 △데이터과학사업부 이문기 △고객서비스사업부 강병산 △인공지능솔루션사업부 이형주 △빅데이터컨버전스사업부 천재후 △기획담당 임완택⊙ 대한주택건설협회 <전보> △울산·경남도회 사무처장 금동욱 △정책관리본부 주택정책부장 김형범",https://www.hani.co.kr/arti/society/internalmove/1001625.html,https://n.news.naver.com/mnews/article/028/0002550689?sid=102,고원형 △<b>북한인권기록센터</b> 기획연구 김자영 △<b>북한</b>이탈주민정착지원사무소 화천분소 교육운영팀장 정윤권... 강병산 △<b>인공지능</b>솔루션사업부 이형주 △빅데이터컨버전스사업부 천재후 △기획담당 임완택... 
통일부 통일교육원 인공지능,"Fri, 10 Jun 2022 05:01:00 +0900","[시론] 북한, 제2의 베트남 될 수 있을까?"," 지난 5월21일 진행된 한·미 정상회담은 한·미 동맹의 성격이 포괄적 전략 동맹으로 변화하고 있음을 보여줬다. 기존 동맹이 한미상호방위조약에 기초해 안보 목적에 치중한 군사 동맹이었다고 한다면, 이제는 경제적 파트너 역할을 뛰어넘어 첨단산업 기술 협력과 공급망 관리 등을 포함하는 군사·경제·기술 동맹으로 확장하고 있다. 반도체·배터리·인공지능(AI)·바이오·로봇 등 핵심분야를 포함해 공급망·에너지·우주 분야에서도 협력을 강화하는 글로벌 동맹으로 격상되고 있는 것이다.미·중 기술 패권 경쟁이 심화하는 상황에서 미국은 중국을 견제하고 미국 중심의 공급망 체계를 강화하는 역할에 한국이 앞장서줄 것을 기대하고 있다. 한·미 정상회담 직후 출범한 인도·태평양 경제프레임워크(IPEF)는 중국이 주도하는 역내포괄적경제동반자협정(RCEP·알셉)에 대응해 인도·태평양 지역에서 중국의 경제적 영향력 확대를 억제하기 위한 경제협의체다. 미국이 주도하고 한국·일본·호주·뉴질랜드·인도와 아세안 7개국 등 모두 13개국이 참여하는데, 이들 국가의 국내총생산(GDP)을 합치면 전세계의 40%에 해당한다.이렇듯 양 진영이 대립하는 지정학적 충돌 국면에서 ‘경제안보’ 위협이 부각되고 있다. 우크라이나 사태로 식량과 에너지 공급이 불안해지면서 가격이 급등하고 주요 생산국들이 수출을 제한해 품귀 현상이 발생하기도 했다. 지난해엔 미·중 전략경쟁 국면에서 호주가 쿼드(Quad) 협의체에 가입하자 중국이 호주산 석탄 수입을 금지하는 보복 조치를 단행했고, 이로 인해 석탄 부족 사태가 벌어지면서 한국에선 요소수 대란이 발생하기도 했다.이와 같이 복잡한 지정학적 갈등과 경제안보 위협이 고조되는 상황에서 북한을 어떻게 상대해야 할까? 2021년 7월 미국 외교전문지인 <포린어페어스>에 흥미로운 기고문이 실렸다. 북한을 경제적으로 포용해 궁극적으로 한·미 동맹에 편입하자는 파격적인 구상을 빈센트 브룩스 전 주한미군 사령관이 내놓은 것이다. 북한도 변하고 있으므로 한·미 대북정책도 바뀌어야 하며, 북한 경제 활성화를 지원해 중국에 대한 의존도를 줄이자는 것이다. 북한 지하자원 개발에 한국과 미국이 공동 투자하는 방안도 생각해볼 수 있다. 이러한 구상이 실현된다면 한국은 첨단기술 분야에서 협력하고, 북한은 중국을 대체하는 생산기지로 기능함으로써 중국에 대한 미국 공급망 분리정책의 실효성을 제고할 수 있다.북한을 제2의 베트남과 같이 만들자는 이러한 정책을 과연 미국이 채택할 수 있을까? 과거 70년 동안 한반도는 기존의 냉전적 대립구도를 벗어나지 못했는데 이 구상이 실현된다면 동북아 지정학의 대전환을 가져올 수 있다. 1970년대 미국은 소련과의 대결에 집중하기 위해 중국과 데탕트(긴장완화)를 추진했다. 1990년대에는 중국 경제의 독주를 견제하기 위해 베트남을 활용했다. 베트남은 미국과 관계를 정상화하고 개혁·개방을 추진하면서 외자를 유치하고 친서방국가로 전환했다.한국전쟁 후 약 70년이 돼가는 시점에서 다음 차례는 북·미 관계 개선이 될 수 있다. 동북아시아에서 대만 충돌 위협 등 다양한 지정학적 갈등이 고조되는 가운데, 미국이 원하는 주한미군의 전략적 유연성을 확보하기 위해서라도 북한과의 관계 개선을 통해 한반도에서 긴장을 낮출 필요가 있다. 북한을 한·미 동맹 쪽으로 끌어당길 수 있다면, 미·중 전략경쟁에 대응하는 미국 입장에서 또 다른 방식의 ‘디바이드 앤 룰(Divide&Rule·분할 지배)’ 전략으로 활용 가능할 것이다.민경태 (통일부 국립통일교육원 교수)",http://www.nongmin.com/article/ar_detail.htm?seq_id=356974,https://n.news.naver.com/mnews/article/662/0000001649?sid=110,반도체·배터리·<b>인공지능</b>(AI)·바이오·로봇 등 핵심분야를 포함해 공급망·에너지·우주 분야에서도 협력을... ‘디바이드 앤 룰(Divide&amp;Rule·분할 지배)’ 전략으로 활용 가능할 것이다. 민경태 (<b>통일부</b> 국립<b>통일교육원</b> 교수)
통일부 통일교육원 인공지능,"Fri, 27 May 2022 16:34:00 +0900","홍익대, 메타버스 기반 <b>인공지능</b> <b>통일</b>콘텐츠전 개최","   홍익대학교(총장 서종욱)가 오는 29일까지 홍문관 VR뮤지엄, AI뮤지엄과 ㈜넷스트림이 구축한 메타버스 갤러리 ‘Gallery 2.0’ 플랫폼에서 ‘메타버스기반 인공지능 통일콘텐츠 展’을 동시 개최한다.      이번 전시는 통일부 국립통일교육원의 ‘MZ세대가 만드는 평화통일 영상 제작’ 사업성과를 다룬다. 2020년 선정된 한국콘텐츠진흥원의 문화콘텐츠 R&D 전문인력 양성 사업(연구책임자 한정엽 교수) 수행 결과로 만들어진 기술을 활용해 실감미디어 콘텐츠를 선보인다.     개막식에는 하정훈 홍익대학교 바이오헬스 혁신공유대학사업단장, 임진이 한국복지대학교 UD꿈공장 메이커교육센터 소장, 한정엽 MR미디어아트텍센터 소장, 박남희 제주비엔날레 총감독, 국립 통일교육원 서민규 과장, 넷스트림 상현태 대표 및 작품 제작에 참여한 학생들이 참석했다.     이번 전시를 위해 홍익대학교 영상 커뮤니케이션 대학원 VR·AR 콘텐츠전공 학생들과 한국복지대학교 유니버설디자인과 학생들은 한정엽, 임익수, 임진이 교수의 지도로 우리 민족이 하나가 되는 통일을 주제로 MZ세대 특유의 감각과 MZ세대가 가장 익숙한 가상현실, 인공지능, 메타버스 기술을 융합한 4가지 영상 작품과 11종의 수어 이모티콘을 제작했다.     또한 홍익대학교 동문 기업인 넷스트림 상현태 대표는 웹 메타버스 갤러리 플랫폼 제공을 통해, 언제 어디서나 개발된 콘텐츠 전시를 볼 수 있게 지원했다.     전시 관람은 홍익대학교 홍문관 2층의 AI 뮤지엄 및 L층 VR 뮤지엄을 방문하거나 메타버스 갤러리 ‘Gallery 2.0’ 플랫폼 (https:hongik.netstream.co.kr) 접속을 통해 가능하다. ",http://www.segye.com/content/html/2022/05/27/20220527515995.html?OutUrl=naver,https://n.news.naver.com/mnews/article/022/0003699936?sid=101,0’ 플랫폼에서 ‘메타버스기반 <b>인공지능</b> <b>통일</b>콘텐츠 展’을 동시 개최한다. 이번 전시는 <b>통일부</b> 국립<b>통일교육원</b>의 ‘MZ세대가 만드는 평화<b>통일</b> 영상 제작’ 사업성과를 다룬다. 2020년 선정된 한국콘텐츠진흥원의... 
통일부 통일교육원 인공지능,"Sun, 20 Feb 2022 22:31:00 +0900",오늘의 인사 - 2022년 2월 21일,[경향신문] ■국무조정실·국무총리비서실 ◇과·팀장급 △외교정책팀장 박영철 △시민사회지원행정관 이종협 △가습기살균제사건과 4·16세월호참사 특별조사위원회 운영지원담당관 최두영■기획재정부 ◇과장급 △남북경제과장 이재용■행정안전부 △생활안전정책관 오후석 △여수·순천 10·19사건지원단장 장헌범 △자치분권위원회 자치분권국장 채수경 △고위공직자범죄수사처 정책기획관 김중열 △한국지역정보개발원 기획조정실장 박명균 △주한미군기지지원단 우광진 △진실화해위원회 운영지원담당관 장동수■문화체육관광부 ◇4급 승진 △운영지원과 이희룡 △규제개혁법무담당관 황현정 △공연전통예술과 손미숙 △종무1담당관 이형수 △소통정책과 박수진 △저작권정책과 채정재 △체육정책과 이정희 조현성 △국립중앙도서관 기획총괄과 류은영 △시각예술디자인과 이기영■과학기술정보통신부 ◇국장급 승진 △우정사업본부 우정사업정보센터장 곽병진 ◇과장급 전보 △소프트웨어정책과장 신상열■보건복지부 △사회복지정책실 복지행정지원관 김혜진■국토교통부 ◇국장급 승진 △정책기획관 이우제 ◇과장급 전보 △미래전략일자리담당관 정수호 △주거복지지원과장 이중기 △서울지방항공청 공항시설국장 유충현■통일부 ◇부이사관 승진 △통일정책실 정책총괄과장 지승우 △인도협력국 인도협력기획과장 박성림 △남북협력지구발전기획단 기획총괄과장 김영일 △남북회담본부 회담1과장 김시운 ◇과장급 전보 △통일인공지능빅데이터추진단장 이종희 △교류협력실 사회문화교류정책과장 황선혜 △인도협력국 이산가족과장 한건섭 △남북회담본부 회담3과장 강준석 △〃 회담운영연락과장 김유진 △국립통일교육원 교육총괄과장 남종우 △북한이탈주민정착지원사무소 화천분소장 이경 △남북공동연락사무소 사무처 운영부장 배충남 △한반도통일미래센터 기획운영과장 한영숙 △인도협력국 북한이탈주민안전지원팀장 황유상■환경부 △국립환경인재개발원장 김효석■산업통상자원부 ◇국장급 승진 △신통상질서정책관 박대규 △2050탄소중립위원회 사무처 포용전환국장 이용필 ◇국장급 전보 △무역안보정책관 박성택■식품의약품안전처 △의료기기안전국장 이남희 △의료기기안전국 의료기기정책과장 채규한 △식품의약품안전평가원 의료제품연구부 바이오의약품연구과장 류승렬■병무청 ◇과장급 전보 △경인지방병무청 병역판정관 전재천 △인천병무지청장 유병호 △대체역심사위원회 사무국 조사1과장 이연우 ◇과장급 승진 △대체역심사위원회 사무국 심사총괄과장 허철회 △서울지방병무청 사회복무관리국장 소영만■방위사업청 ◇국장급 전보 △기반전력사업지원부장 이귀현■국토연구원 △부원장 김태환■한국마사회 △부회장 겸 건전화본부장 송철희 △사업기획본부장 김홍기 △경영관리본부장 최원일 △말산업육성본부장 오순민,https://www.khan.co.kr/people/personnel_shift/article/202202202227035,https://n.news.naver.com/mnews/article/032/0003129581?sid=102,전보 △<b>통일</b><b>인공지능</b>빅데이터추진단장 이종희 △교류협력실 사회문화교류정책과장 황선혜 △인도협력국 이산가족과장 한건섭 △남북회담본부 회담3과장 강준석 △〃 회담운영연락과장 김유진 △국립<b>통일교육원</b>... 
통일부 한반도통일미래센터 인공지능,"Sun, 20 Feb 2022 22:31:00 +0900",오늘의 인사 - 2022년 2월 21일,[경향신문] ■국무조정실·국무총리비서실 ◇과·팀장급 △외교정책팀장 박영철 △시민사회지원행정관 이종협 △가습기살균제사건과 4·16세월호참사 특별조사위원회 운영지원담당관 최두영■기획재정부 ◇과장급 △남북경제과장 이재용■행정안전부 △생활안전정책관 오후석 △여수·순천 10·19사건지원단장 장헌범 △자치분권위원회 자치분권국장 채수경 △고위공직자범죄수사처 정책기획관 김중열 △한국지역정보개발원 기획조정실장 박명균 △주한미군기지지원단 우광진 △진실화해위원회 운영지원담당관 장동수■문화체육관광부 ◇4급 승진 △운영지원과 이희룡 △규제개혁법무담당관 황현정 △공연전통예술과 손미숙 △종무1담당관 이형수 △소통정책과 박수진 △저작권정책과 채정재 △체육정책과 이정희 조현성 △국립중앙도서관 기획총괄과 류은영 △시각예술디자인과 이기영■과학기술정보통신부 ◇국장급 승진 △우정사업본부 우정사업정보센터장 곽병진 ◇과장급 전보 △소프트웨어정책과장 신상열■보건복지부 △사회복지정책실 복지행정지원관 김혜진■국토교통부 ◇국장급 승진 △정책기획관 이우제 ◇과장급 전보 △미래전략일자리담당관 정수호 △주거복지지원과장 이중기 △서울지방항공청 공항시설국장 유충현■통일부 ◇부이사관 승진 △통일정책실 정책총괄과장 지승우 △인도협력국 인도협력기획과장 박성림 △남북협력지구발전기획단 기획총괄과장 김영일 △남북회담본부 회담1과장 김시운 ◇과장급 전보 △통일인공지능빅데이터추진단장 이종희 △교류협력실 사회문화교류정책과장 황선혜 △인도협력국 이산가족과장 한건섭 △남북회담본부 회담3과장 강준석 △〃 회담운영연락과장 김유진 △국립통일교육원 교육총괄과장 남종우 △북한이탈주민정착지원사무소 화천분소장 이경 △남북공동연락사무소 사무처 운영부장 배충남 △한반도통일미래센터 기획운영과장 한영숙 △인도협력국 북한이탈주민안전지원팀장 황유상■환경부 △국립환경인재개발원장 김효석■산업통상자원부 ◇국장급 승진 △신통상질서정책관 박대규 △2050탄소중립위원회 사무처 포용전환국장 이용필 ◇국장급 전보 △무역안보정책관 박성택■식품의약품안전처 △의료기기안전국장 이남희 △의료기기안전국 의료기기정책과장 채규한 △식품의약품안전평가원 의료제품연구부 바이오의약품연구과장 류승렬■병무청 ◇과장급 전보 △경인지방병무청 병역판정관 전재천 △인천병무지청장 유병호 △대체역심사위원회 사무국 조사1과장 이연우 ◇과장급 승진 △대체역심사위원회 사무국 심사총괄과장 허철회 △서울지방병무청 사회복무관리국장 소영만■방위사업청 ◇국장급 전보 △기반전력사업지원부장 이귀현■국토연구원 △부원장 김태환■한국마사회 △부회장 겸 건전화본부장 송철희 △사업기획본부장 김홍기 △경영관리본부장 최원일 △말산업육성본부장 오순민,https://www.khan.co.kr/people/personnel_shift/article/202202202227035,https://n.news.naver.com/mnews/article/032/0003129581?sid=102,전보 △<b>통일</b><b>인공지능</b>빅데이터추진단장 이종희 △교류협력실 사회문화교류정책과장 황선혜 △인도협력국... 배충남 △<b>한반도통일미래센터</b> 기획운영과장 한영숙 △인도협력국 북한이탈주민안전지원팀장 황유상 ■환경부... 
통일부 한반도통일미래센터 인공지능,"Sun, 20 Feb 2022 11:27:00 +0900",[인사]<b>통일부</b>,◆통일부 ◇부이사관 승진 △통일정책실 정책총괄과장 지승우 △인도협력국 인도협력기획과장 박성림 △남북협력지구발전기획단 기획총괄과장 김영일 △남북회담본부 회담1과장 김시운 ◇과장급 전보 △통일인공지능빅데이터추진단장 이종희 △교류협력실 사회문화교류정책과장 황선혜 △인도협력국 이산가족과장 한건섭 △남북회담본부 회담3과장 강준석 △남북회담본부 회담운영연락과장 김유진 △국립통일교육원 교육총괄과장 남종우 △북한이탈주민정착지원사무소 화천분소장 이경 △남북공동연락사무소사무처 운영부장 배충남 △한반도통일미래센터 기획운영과장 한영숙 △인도협력국 북한이탈주민안전지원팀장 황유상,http://www.etnews.com/20220220000018,https://n.news.naver.com/mnews/article/030/0002999595?sid=105,전보 △<b>통일</b><b>인공지능</b>빅데이터추진단장 이종희 △교류협력실 사회문화교류정책과장 황선혜 △인도협력국... 운영부장 배충남 △<b>한반도통일미래센터</b> 기획운영과장 한영숙 △인도협력국 북한이탈주민안전지원팀장 황유상
통일부 한반도통일미래센터 인공지능,"Sat, 19 Feb 2022 03:06:00 +0900",[인사] 국무조정실·국무총리비서실 외,▲국무조정실·국무총리비서실◇국장급 승진▷4·16세월호참사피해자지원및희생자추모사업지원단 단장 손진욱▷포항지진진상규명및피해구제지원단 단장 김희순▷정무협력비서관 김기한▷디지털소통비서관 서영석◇과장급 전보▷기획총괄과장 최용선▷행정관리총괄과장 송헌규▷사회정책총괄과장 김진곤▷여성가족정책과장 박은경▷고용정책과장 이승규▷법무감사담당관 차동민▷경제총괄과장 이동훈▷규제총괄과장 장원석▷개발협력총괄과장 김민성▷일정행정관 전창현◇과장급 채용▷정무기획행정관 오필진▷국회협력행정관 이재승▲과학기술정보통신부〈국장급 승진〉▷우정사업본부 우정사업정보센터장 곽병진〈과장급 전보〉▷소프트웨어정책과장 신상열▲통일부◇부이사관 승진▷통일정책실 정책총괄과장 지승우▷인도협력국 인도협력기획과장 박성림▷남북협력지구발전기획단 기획총괄과장 김영일▷남북회담본부 회담1과장 김시운◇과장급 전보▷통일인공지능빅데이터추진단장 이종희▷교류협력실 사회문화교류정책과장 황선혜▷인도협력국 이산가족과장 한건섭▷남북회담본부 회담3과장 강준석▷남북회담본부 회담운영연락과장 김유진▷국립통일교육원 교육총괄과장 남종우▷북한이탈주민정착지원사무소 화천분소장 이경▷남북공동연락사무소사무처 운영부장 배충남▷한반도통일미래센터 기획운영과장 한영숙▷인도협력국 북한이탈주민안전지원팀장 황유상▲행정안전부▷생활안전정책관 오후석▷여수·순천 10·19사건지원단장 장헌범▷자치분권위원회 자치분권국장 채수경▷고위공직자범죄수사처 정책기획관 김중열▷한국지역정보개발원 기획조정실장 박명균▷주한미군기지지원단 우광진▷진실화해위원회 운영지원담당관 장동수▲문화체육관광부◇4급 승진▷운영지원과 이희룡▷규제개혁법무담당관 황현정▷공연전통예술과 손미숙▷ 종무1담당관 이형수▷소통정책과 박수진▷저작권정책과 채정재▷체육정책과 이정희▷체육정책과 조현성▷ 국립중앙도서관 기획총괄과 류은영▷시각예술디자인과 이기영▲보건복지부◇국장급▷사회복지정책실 복지행정지원관 김혜진▲환경부◇국립환경인재개발원장▷김효석▲국토교통부 ◇국장급 승진 ▷정책기획관 이우제 ◇과장급 전보 ▷미래전략일자리담당관 정수호 ▷주거복지지원과장 이중기 ▷서울지방항공청 공항시설국장 유충현▲식품의약품안전처◇국장급〈승진〉▷의료기기안전국장 이남희◇과장급〈전보〉▷의료기기안전국 의료기기정책과장 채규한◇과장급〈임용〉▷식품의약품안전평가원 의료제품연구부 바이오의약품연구과장 류승렬▲금융위원회▷금융소비자정책과장 권유이▷가계금융과장 조문희▷자본시장과장 이수영▷자산운용과장 고영호▷금융정책과장 변제호▷금융시장분석과장 고상범▷산업금융과장 이석란▷기업구조개선과장 김성진▷금융정보분석원(FIU) 제도운영과장 전은주▲방위사업청◇국장급 전보▷기반전력사업지원부장 이귀현▲국토연구원▷부원장 김태환,https://www.chosun.com/national/obituary-personnel/2022/02/19/UDSWFYUTAVGOHNADWGF3GTQ3EQ/?utm_source=naver&utm_medium=referral&utm_campaign=naver-news,https://n.news.naver.com/mnews/article/023/0003673806?sid=102,전보▷<b>통일</b><b>인공지능</b>빅데이터추진단장 이종희▷교류협력실 사회문화교류정책과장 황선혜▷인도협력국... 배충남▷<b>한반도통일미래센터</b> 기획운영과장 한영숙▷인도협력국 북한이탈주민안전지원팀장 황유상 ▲행정안전부... 
통일부 북한이탈주민정착지원사무소 인공지능,"Tue, 22 Feb 2022 22:15:00 +0900",오늘의 인사 - 2022년 2월 23일,[경향신문] ■국방부 ◇과장급 △군인권개선추진단 양성평등정책팀장 진영미 △군인권총괄담당관 안성민 △병영문화혁신담당관 한승희 △성폭력예방대응담당관 박순향■국토교통부 ◇과장급 전보 △정보화통계담당관 유신근 △정보보호담당관 이미숙 △철도정책과장 박병석 △대도시권광역교통위원회 광역시설정책과장 정선우 △국토교통인재개발원 운영지원과장 심금숙 △서울지방항공청 김포항공관리사무소장 박근복 △국토지리정보원 국토조사과장 김용옥 △항공교통본부 항공위성항법센터장 심병섭■산업통상자원부 ◇실장급 승진 △신통상질서전략실장 안성일 ◇국장급 전보 △중견기업정책관 김홍주■통일부 ◇서기관 승진 △통일인공지능빅데이터추진단 이태재 △기획조정실 김미리내 심문보 △통일정책실 김효진 김홍태 △교류협력실 김인애 강태성 △북한이탈주민정착지원사무소 위순이 △인도협력국 최용수■중소벤처기업부 ◇부이사관 승진 △기업금융과장 권영학 △상생협력정책과장 유환철■식약처 ◇부이사관 승진 △기획조정관실 혁신행정담당관 이호동 △운영지원과장 최현철■영화진흥위원회 △사무국장 서영관■신협중앙회 [신임] ◇중앙본부 이사 △기획이사 윤성근 △대외협력이사 윤의수 △관리이사 우욱현 ◇중앙본부 부문장 △신협행복나눔부문장 손재완 △연수원(부문)장 고광득 △감독부문장 이문규 △자금운용부문장 김일환 △공제부문장 김상범 △금융소비자보호부문장 추창호 ◇중앙본부 부서장 △인재개발본부장 박영현 △총무본부장 황동호 △홍보본부장 하현욱 △신협연구소장 박성하 △경영지원본부장 강형민 △여수신지원본부장 민경대 △신협행복나눔부문 사회적금융본부장 손석조 △〃 지역금융본부장 정진목 △디지털금융부문 IT기획관리본부장 박순영 △감독부문 검사본부장 장택봉 △자금운용부문 자금기획본부장 김준석 △〃 유가증권운용본부장 조용식 △〃 연계대출본부장 김종극 △공제부문 공제지원서비스본부장 김준엽 △여신투자심사부문 여신투자심사본부장 김종범 △금융소비자보호부문 금융소비자보호본부장 이경탁 △리스크관리본부장 강혁진 ◇지역본부 부서장 △서울지역본부장 정경환 △부산경남지역본부장 손현대 △충북지부장 최범렬 △전북지부장 강연수■전자신문 △이사·편집국장 강병준■에너지경제신문 ◇취재본부장 △강원본부 박에스더 △충청세종본부 박웅현,https://www.khan.co.kr/people/personnel_shift/article/202202222210065,https://n.news.naver.com/mnews/article/032/0003130095?sid=102,김홍주 ■<b>통일부</b> ◇서기관 승진 △통일<b>인공지능</b>빅데이터추진단 이태재 △기획조정실 김미리내 심문보 △통일정책실 김효진 김홍태 △교류협력실 김인애 강태성 △<b>북한이탈주민정착지원사무소</b> 위순이 △인도협력국... 
통일부 북한이탈주민정착지원사무소 인공지능,"Mon, 21 Feb 2022 20:19:00 +0900",2월 22일 인사,⊙ 행정안전부 ◇과장 △국민참여혁신 이지성 △경제조직 홍성철 △자치행정 장금용 △주민 박대민 △지방세정책 이현정 △지역금융지원 박종옥 △승강기안전 성기선 △자연재난대응 강성희 △재난협력정책 정제룡 △재난안전조사 김현주 ◇담당관 △상황 차상화⊙ 통일부 <승진> ◇서기관 △통일인공지능빅데이터추진단 이태재 △기획조정실 김미리내 심문보 △통일정책실 김효진 김홍태 △교류협력실 김인애 강태성 △북한이탈주민정착지원사무소 위순이 △인도협력국 최용수⊙ 여성가족부 <승진> ◇부이사관 △다문화가족과장 이금순 ◇서기관 △차관실 윤지연  △기획조정실 기획재정담당관실 신병수 임종필 △청소년정책관실 청소년보호환경과 장유남 △가족정책관실 가족문화과 정윤경⊙ 중소벤처기업부 ◇부이사관 승진 △기업금융과장 권영학 △상생협력정책〃 유환철⊙ 법제처 <승진> ◇과장급 △기획조정관실 법령데이터혁신팀장 김태형 <전보> ◇서기관 △처장실 석경주⊙ 주택금융공사 △상임이사 박재민⊙ 한국해양진흥공사 ◇실장 △ESG경영 정영두 △리스크준법 김종우 △기획조정 윤상호 ◇부장 △인사총무 김명훈 △재무회계 배진영 △사업전략 문주혁 △〃 1 정성조 △〃 2 천용건 △정책지원 이기혁 △스마트해운정보센터장 이석용 △HMM경영지원단장 김성진⊙ 중앙그룹 <제이티비시스튜디오> △브랜드디자인팀장 김희봉⊙ 아시아경제 ◇사장 △언론부문 우병현 ◇부사장 △경영기획본부장 강윤구⊙ 업다운뉴스 △경제산업팀장 여지훈⊙ 코리아데일리 △회장·발행·편집인 이상규 △부회장 김광언 △대표이사(주필 겸) 황종택 △부사장(편집국장 겸) 강용모 △광고국장 이문우 △편집부〃 김계중 △산업부장 정영선 △경제〃 이상호 △문화〃 이주옥 △사업본부장 이규운⊙ 인제대해운대백병원 △원장 김동수⊙ IBK자산운용 △대표이사 전규백 ⊙ 동화약품 <임원> ◇실장 △마케팅(상무) 김대현 △미래전략(상무보) 성경수 △경영관리(이사대우) 유정훈⊙ SR △부사장(겸직) 최덕율 ◇실장 △고객홍보 정연성 △기획예산 이성희 △경영인재 박정우 △운영상황 이종수 이묘석 이선용 ◇처장 △ESG경영 채봉석 △재무회계 이호선 △경영지원 박일권 △인사노무 문제홍 △영업운영 박보경 △승무 남궁협 △산업안전보건 직무대리 이해재 △차량기술 장용오 ◇원장 △미래연구 김상영 ◇단장△신사업추진단(TF) 박성환 ◇센터장 △부산승무 김성돈,https://www.hani.co.kr/arti/society/internalmove/1031995.html,https://n.news.naver.com/mnews/article/028/0002580060?sid=102,차상화 ⊙ <b>통일부</b> &lt;승진&gt; ◇서기관 △통일<b>인공지능</b>빅데이터추진단 이태재 △기획조정실 김미리내 심문보 △통일정책실 김효진 김홍태 △교류협력실 김인애 강태성 △<b>북한이탈주민정착지원사무소</b> 위순이 △인도협력국... 
통일부 북한이탈주민정착지원사무소 인공지능,"Mon, 21 Feb 2022 17:58:00 +0900",[인사]<b>통일부</b>,"[서울=뉴시스]  <승진>◇서기관▲통일인공지능빅데이터추진단 이태재 ▲기획조정실 김미리내 ▲기획조정실 심문보 ▲통일정책실 김효진 ▲통일정책실 김홍태 ▲교류협력실 김인애 ▲교류협력실 강태성 ▲북한이탈주민정착지원사무소 위순이 ▲인도협력국 최용수▶ 네이버에서 뉴시스 구독하기▶ K-Artprice, 유명 미술작품 가격 공개▶ 뉴시스 빅데이터 MSI 주가시세표 바로가기",http://www.newsis.com/view/?id=NISX20220221_0001767432&cID=10902&pID=16000,https://n.news.naver.com/mnews/article/003/0011018072?sid=102,통일<b>인공지능</b>빅데이터추진단 이태재 ▲기획조정실 김미리내 ▲기획조정실 심문보 ▲통일정책실 김효진 ▲통일정책실 김홍태 ▲교류협력실 김인애 ▲교류협력실 강태성 ▲<b>북한이탈주민정착지원사무소</b> 위순이... 
통일부 북한이탈주민정착지원사무소 인공지능,"Mon, 21 Feb 2022 17:45:00 +0900",[인사] 국무조정실·국무총리비서실 외,◆국무조정실·국무총리비서실 △민정실장 김정형◆통일부 <승진> ◇서기관 △통일인공지능빅데이터추진단 이태재 △기획조정실 김미리내 심문보 △통일정책실 김효진 김홍태 △교류협력실 김인애 강태성 △북한이탈주민정착지원사무소 위순이 △인도협력국 최용수◆행정안전부 ◇과장 △국민참여혁신 이지성 △경제조직 홍성철 △자치행정 장금용 △주민 박대민 △지방세정책 이현정 △지역금융지원 박종옥 △상황담당관 차상화 △승강기안전 성기선 △자연재난대응 강성희 △재난협력정책 정제룡 △재난안전조사 김현주◆여성가족부 <승진> △다문화가족과장 이금순◆중소벤처기업부 <승진> ◇부이사관 △기업금융과장 권영학 △상생협력정책과장 유환철◆법제처 <승진> △기획조정관실 법령데이터혁신팀장 김태형◆식약처 <승진> ◇부이사관 △기획조정관실 혁신행정담당관 이호동 △운영지원과장 최현철 ◇서기관 △의약품안전국 의약품정책과 임현진 ◇기술서기관 △기획조정관실 고객지원담당관실 문성심 △감사담당관실 김영조 △식품안전정책국 식품관리총괄과 강용모 △의약품안전국 의약품관리과 정호 △의료기기안전국 의료기기정책과 이승용◆주택금융공사 △상임이사 박재민◆한국해양진흥공사 ◇실장 △ESG경영 정영두 △리스크준법 김종우 △기획조정 윤상호 ◇부장 △인사총무 김명훈 △재무회계 배진영 △사업전략 문주혁 △해양금융1 정성조 △해양금융2 천용건 △정책지원 이기혁 △스마트해운정보센터장 이석용 △HMM경영지원단장 김성진 ◆SR △부사장 최덕율 ◇실장 △고객홍보 정연성 △기획예산 이성희 △경영인재 박정우 △운영상황 이종수 △운영상황 이묘석 △운영상황 이선용 ◇처장 △ESG경영 채봉석 △재무회계 이호선 △경영지원 박일권 △인사노무 문제홍 △영업운영 박보경 △승무 남궁협 △산업안전보건(직무대리) 이해재 △차량기술 장용오 △미래연구원장 김상영 △신사업추진단(TF) 단장 박성환 △부산승무센터장 김성돈 ◆아시아경제 △언론부문 사장 우병현 △경영기획본부장(부사장) 강윤구◆JTBC스튜디오 △브랜드디자인팀장 김희봉◆코리아데일리 △회장·발행·편집인 이상규 △부회장 김광언 △대표 겸 주필 황종택 △부사장 겸 편집국장 강용모 △광고국장 이문우 △편집부국장 김계중 △산업부장 정영선 △경제부장 이상호 △문화부장 이주옥 △사업본부장 이규운◆한국경제신문 ◇부국장대우 △독자서비스국 수도권독자부장 장병문 △지방독자부장 겸 중부지사장 최홍균 △영남지사장 신민홍 ◇부장 △디지털마케팅부장 박영일◆KR투자증권 △대체투자부문 전무 백승훈◆동화약품 <승진> ◇부사장 △COO(최고운영책임자) 윤인호 ◇상무 △마케팅실장 김대현 ◇상무보 △미래전략실장 성경수 ◇이사대우 △경영관리실장 유정훈,https://hankookilbo.com/News/Read/A2022022115310002737?did=NA,https://n.news.naver.com/mnews/article/469/0000659483?sid=102,김정형 ◆<b>통일부</b> &lt;승진&gt; ◇서기관 △통일<b>인공지능</b>빅데이터추진단 이태재 △기획조정실 김미리내 심문보 △통일정책실 김효진 김홍태 △교류협력실 김인애 강태성 △<b>북한이탈주민정착지원사무소</b> 위순이 △인도협력국... 
통일부 남북교류협력지원협회 인공지능,"Thu, 11 Mar 2021 17:01:00 +0900","[강천구의 자원경제] 코로나19 이후, 산업 大전환…자원개발 중요성","[아이뉴스24] 전 세계가 4차 산업혁명 시대로의 전환으로 인공지능, 사물인터넷 등과 관련된 핵심 부품 제조에 사용되는 광물 수요 급증에 산업정책 방향을 재수정하고 있다.특히 4차 산업혁명 기술 구현과 관련해 정보해석, 습득전달, 물리적 구현, 맞춤형 생산 부문의 핵심 부품에 필요한 광물 확보에 혈안이 되어 있다.미국은 국방전략에 중대한 영향을 미치는 희토류, 신재생 에너지기술 등과 관련된 핵심 광물자원을 선정해 관리하고 있고, EU도 지난 2008년 11월 광물자원 기본전략을 책정하고 수요 확대가 예상되는 에너지기술에 사용되는 물질을 핵심광물로 선정했다. 일본은 성장 동력 산업 육성을 위한 핵심 물질의 수요 전망과 환경 위해성을 고려하여 핵심광물을 관리하고 있다.우리나라는 한국광물자원공사가 산업 성장을 전략적 측면과 중요도를 고려해 리튬, 니켈, 코발트, 망간, 텅스텐 등 5가지를 핵심 광물로 선정하고 있으며, 희토류, 탄탈륨, 몰리브덴, 인듐, 백금족, 크롬, 니오븀, 실리콘, 티타늄, 마그네슘, 갈륨, 바나듐 등 12가지를 관심 광물로 집중 관리하는 계획을 수립했다.지금 보이지 않는 자원전쟁에서 전기차 배터리 산업이 큰 이슈가 되고 있는데 여기에 들어가는 광물자원인 니켈, 코발트, 구리 등의 가격이 연일 치솟고 있다. 특히, '하얀석유'로 불리는 코발트의 가격 상승이다. 영국 런던 금속거래소(LME)에서 9일(현지시각) 코발트 선물가격이 t당 4만1천250달러(약 4천600만원)에 거래됐다.2018년 12월 t당 5만5천달러까지 오른 후 2년만에 최고치다. 코발트 가격은 올해들어 28%나 올랐다. 코발트 가격이 오르는 이유는 전기차 배터리 성능을 결정하는 양극재에 사용되기 때문이다. 특히 양극재 부식 및 폭발 위험물을 제어하는데 필수적인 물질이다.코밭트는 니켈광산에서 부광물로 구리와 함께 얻어지기도 한다. 문제는 코발트는 공급이 특정 국가에 몰리는 것도 가격 상승세를 부추긴다. 세계 코발트 물량의 70% 가량이 콩고민주공화국에서 생산된다. 구리는 경제학자 보다 실물경기를 더 잘 예측한다는 이유로 산업의 '바로미터'라고 불린다.즉 경기변동에 따라 구리의 수요와 가격이 움직인다. 코로나19로 망가진 경제를 살리기 위해 미국의 재정지출과 중국의 제조업 회복 움직임이 맞물려 구리 가격이 급등했다. 전기차 한 대에 쓰이는 구리는 90kg으로 내연자동차(15kg)의 6배에 달한다. 우리나라는 노무현, 이명박 정부때 광물자원공사가 중심이 되어 파나마, 멕시코, 칠레, 페루, 볼리비아 등에서 구리 광산개발에 뛰어들어 상당한 물량을 확보했지만 박근혜 정부 이후 멕시코, 파나마 두 곳을 제외하곤  광구 지분을 매각했거나 개발이 멈춘 상태다.4차 산업혁명의 핵심은 산업에 필요한 원료확보에서부터 시작해 소재, 기계로 이어지는 가치사슬의 완성이다. 그래서 자원개발이 중요하다. 그런데 우리는 정권이 교체 될 때 마다가  자원정책은 바꿘다. 자원정책은 단순하다. 자원이 없는 국가는 자원을 확보하기 위해 할 수 있는 정책이 해외 자원개발을 통해 확보 하거나 아니면 돈을 주고 필요한 만큼 사면 된다. 하지만 요즘엔 돈이 있다고  필요 광물을 원하는 대로 살 수 있지 않다. 광물을 갖고 있는 국가나 기업이 공급 물량과 가격을 결정하는게 대부분이다.자원정책은 미래를 보고 준비해야 한다. 에너지와 자원을 해외에서 수입할 수 밖에 없는 우리의 현실을 외면해선 안 된다. 에너지 수급의 급격한 변화와 가격 상승의 충격을 흡수하기 위한 가장 경제적인 해법은 자원개발 이다. 지금 당장의 결과에 연연할 것이 아니라 미래를 위해서라도 자원개발은 필수이다.강천구 인하대 초빙교수외부 필진 칼럼은 본지의 편집 방향과 다를 수 있습니다.◇ 강천구 교수는?강천구 인하대 초빙교수는 한국광물자원공사에서 30여 년 근무한 자원전문가이다. 인하공대, 중앙대 대학원을 졸업하고 서울공대 최고산업과정을 수료했다. 한국광물자원공사에서 재직하며 세계 여러 나라 광산 현장을 다닐 만큼 현장 경험도 풍부하다. 통일부 산하 남북교류협력지원협회 이사, 현대제철 자문위원, 동양시멘트 사외이사, 에너지경제신문 주필, 영앤진회계법인 부회장 등을 지냈다. 현재 한국광업협회 자문위원, 세아베스틸 사외이사와 인하대학교 에너지자원공학과 초빙교수로 활동하고 있다.▶네이버 채널에서 '아이뉴스24'를 구독해주세요.▶재밌는 아이뉴스TV 영상보기 ▶아이뉴스24 바로가기[ⓒ 아이뉴스24 무단전재 및 재배포 금지]",http://www.inews24.com/view/1349257,https://n.news.naver.com/mnews/article/031/0000587715?sid=110,"전 세계가 4차 산업혁명 시대로의 전환으로 <b>인공지능</b>, 사물인터넷 등과 관련된 핵심 부품 제조에 사용되는... <b>통일부</b> 산하 <b>남북교류협력지원협회</b> 이사, 현대제철 자문위원, 동양시멘트 사외이사, 에너지경제신문 주필... "
통일부 남북교류협력지원협회 인공지능,"Wed, 09 Sep 2020 07:40:00 +0900",[과학게시판] ICT 스프링 유럽 2020 프로모션 코드 안내 外,"ICT 스프링 홈페이지. 주한룩셈부르크대표부 제공.    ■ 주한 룩셈부르크 대표부는 룩셈부르크에서 15일 개막해 16일까지 진행되는 글로벌 테크 콘퍼런스 ‘ICT SPRING’ 프로모션 코드를 안내한다고 밝혔다. 올해는 신종 코로나바이러스 감염증(COVID-19·코로나19)으로 물리 공간과 디지털 공간을 결합한 ‘피지털’로 진행된다. 인공지능과 핀테크, 디지털 물류공급망, 우주 기술에 대한 지식을 심화시키고 새로운 비즈니스 영역을 탐색해 볼 수 있는 다양한 프로그램이 마련됐따. 온라인 참가를 원하는 사람들은 참가 등록 링크(https:www.ictspring.cominvitationsministere-de-leconomie)에 접속해 프로모션 코드 ‘MDE’를 기입하면 된다.      ■ 고등과학원과 카오스재단은 세계적인 수학자 김민형 옥스퍼드대 교수의 대중강연을 10일 개최한다고 밝혔다. 유튜브와 네이버TV를 통해 생중계되는 이번 대중강연은 ‘과학적 사고, 수학적 사고 둘은 같은 것일까’를 주제로 진행된다. 이번 강연은 고등과학원 물리학부 박권 교수의 사회로 진행된다.      ■ 한국지질자원연구원은 11일 14시 북한 광물자원에 대한 새로운 이해와 접근을 주제로 온라인 심포지엄을 개최한다. 북한의 풍부한 광물자원과 남한의 과학기술 접목을 통한 협력방안을 모색하는 이번 심포지엄은 한국지질자원연구원과 남북교류협력지원협회, 한국광업협회, 국가과학기술연구회가 공동으로 주최하고 통일부가 후원한다. 북한 희유금속 부존현황, 국내 텅스텐 소재 기술 및 산업 현황, 북한의 광물 무역 현황 등이 발표되고 광물자원 분야 남북 협력 방안에 대한 다양한 논의가 진행될 예정이다.      ■ 포스텍은 노준석 기계공학과·화학공학과 교수 연구팀이 ‘빛을 이용한 연금술 기술들을 망라한 총설 논문’을 잇따라 발표했다고 밝혔따. 논문은 광학 분야 학술지 ‘빛:과학과 응용’지 최신호를 통해 게재됐다. 이번에 발표된 논문은 모두 기존 연구에서는 불가능한 것으로 여겨졌던 분야와 학계 전체 이해도가 낮은 분야의 이해도를 돕기 위한 것으로 차세대 광학 분야에서 학계의 높은 평가를 받고 있다.      ■ 한국건설기술연구원은 제1호 연구소기업으로 재난안전기술을 지난 9월 2일 등록했다고 밝혔다. 재난안전기술은 복합재난대응연구단으로부터 2020년 7월 지진 및 침수 관련 기술을 출자받았고 과학기술정보통신부로부터 연구소기업 설립을 최종 승인받았다. 재난안전기술이 출자받은 ‘재난 피해 예측 및 분석시스템’은 지진 발생 시 시나리오와 계측된 자료를 분석하고 피해를 예측하는 기술이다. 침수 관련 기술은 ‘IoT 수위계 연계 침수방지문’으로 집중호우 시 지하시설이나 건물로 급격하게 물이 유입되는 것을 방지하는 기술이다.     ■ 전력포럼은 오는 18일 15시부터 서울 양재 엘타원 8층 엘하우스홀에서 저탄소사회로의 전환에 따른 국가 온실가스 감축 비전과 목표를 주제로 포럼을 진행한다. 저탄소 사회 전환 관점에서 국가 온실가스 감출의 당면 과제를 살펴보고 향후 대응의 실마리를 모색한다. [김민수 기자 reborn@donga.com]▶아침마다 꼭 체크해야할 과학뉴스 구독 콕!▶거품기 싹 뺐다. 코로나 백신의 최전선▶과학·의학 콘텐츠의 바다 '동아사이언스' 가기ⓒ 동아사이언스 콘텐츠 무단 전재 및 재배포 금지",http://www.dongascience.com/news/view/39604,https://n.news.naver.com/mnews/article/584/0000010330?sid=105,"<b>인공지능</b>과 핀테크, 디지털 물류공급망, 우주 기술에 대한 지식을 심화시키고 새로운 비즈니스 영역을... <b>남북교류협력지원협회</b>, 한국광업<b>협회</b>, 국가과학기술연구회가 공동으로 주최하고 <b>통일부</b>가 후원한다. 북한... "
